2025-12-11T17:16:51.437281,Room,User1,User2,2.004,0.000
2025-12-11T17:16:52.567973,Room,User2,User1,1.993,0.000
2025-12-11T17:16:54.425688,Room,User1,User2,1.003,0.000
2025-12-11T17:16:55.567625,Room,User2,User1,1.992,0.000
2025-12-11T17:16:57.426877,Room,User1,User2,2.002,0.577
2025-12-11T17:16:58.567802,Room,User2,User1,2.000,0.004
2025-12-11T17:17:00.426798,Room,User1,User2,1.990,0.498
2025-12-11T17:17:01.567919,Room,User2,User1,2.000,0.004
2025-12-11T17:17:03.427011,Room,User1,User2,2.001,0.446
2025-12-11T17:17:04.567047,Room,User2,User1,2.005,0.005
2025-12-11T17:17:06.426624,Room,User1,User2,1.993,0.406
2025-12-11T17:17:07.566984,Room,User2,User1,1.987,0.006
2025-12-11T17:17:09.426452,Room,User1,User2,1.993,0.376
2025-12-11T17:17:10.567414,Room,User2,User1,0.999,0.377
2025-12-11T17:17:12.426772,Room,User1,User2,1.992,0.351
2025-12-11T17:17:13.567659,Room,User2,User1,2.002,0.353
2025-12-11T17:17:15.426805,Room,User1,User2,1.993,0.331
2025-12-11T17:17:16.568745,Room,User2,User1,2.002,0.333
2025-12-11T17:17:18.426579,Room,User1,User2,2.002,0.314
2025-12-11T17:17:19.567373,Room,User2,User1,2.002,0.316
2025-12-11T17:17:21.427283,Room,User1,User2,2.000,0.300
2025-12-11T17:17:22.567127,Room,User2,User1,2.002,0.301
2025-12-11T17:17:24.426011,Room,User1,User2,1.003,0.387
2025-12-11T17:17:25.567081,Room,User2,User1,2.002,0.289
2025-12-11T17:17:27.427115,Room,User1,User2,1.999,0.373
2025-12-11T17:17:28.567328,Room,User2,User1,2.000,0.277
2025-12-11T17:17:30.426479,Room,User1,User2,1.001,0.424
2025-12-11T17:17:31.567592,Room,User2,User1,1.991,0.267
2025-12-11T17:27:39.767808,dwmatio,xrhsths2,xrhsths1,26.037,0.000
2025-12-11T17:27:40.111571,dwmatio,xrhsths1,xrhsths2,73.667,0.000
2025-12-11T17:27:42.880095,dwmatio,xrhsths2,xrhsths1,130.822,0.000
2025-12-11T17:27:43.177307,dwmatio,xrhsths1,xrhsths2,141.850,0.000
2025-12-11T17:27:45.941589,dwmatio,xrhsths2,xrhsths1,200.485,87.811
2025-12-11T17:27:46.308060,dwmatio,xrhsths1,xrhsths2,272.216,100.884
2025-12-11T17:27:48.948999,dwmatio,xrhsths2,xrhsths1,207.938,84.338
2025-12-11T17:27:49.257229,dwmatio,xrhsths1,xrhsths2,220.521,87.318
2025-12-11T17:27:52.017653,dwmatio,xrhsths2,xrhsths1,278.189,95.296
2025-12-11T17:27:52.313358,dwmatio,xrhsths1,xrhsths2,275.664,87.537
2025-12-11T17:27:55.037463,dwmatio,xrhsths2,xrhsths1,298.155,100.291
2025-12-11T17:27:55.385276,dwmatio,xrhsths1,xrhsths2,344.801,98.902
2025-12-11T17:27:58.091280,dwmatio,xrhsths2,xrhsths1,352.836,110.260
2025-12-11T17:27:58.387983,dwmatio,xrhsths1,xrhsths2,352.373,102.956
2025-12-11T17:28:01.162512,dwmatio,xrhsths2,xrhsths1,425.012,126.542
2025-12-11T17:28:01.424669,dwmatio,xrhsths1,xrhsths2,383.921,108.024
2025-12-11T17:28:04.125196,dwmatio,xrhsths2,xrhsths1,383.898,127.727
2025-12-11T17:29:34.112226,eqwweq,e2,e1,12.530,0.000
2025-12-11T17:29:34.386442,eqwweq,e1,e2,4.996,0.000
2025-12-11T17:29:37.129746,eqwweq,e2,e1,32.591,0.000
2025-12-11T17:29:37.427444,eqwweq,e1,e2,45.624,0.000
2025-12-11T17:29:40.145741,eqwweq,e2,e1,47.088,17.354
2025-12-11T17:29:40.448450,eqwweq,e1,e2,67.177,31.574
2025-12-11T17:29:43.171120,eqwweq,e2,e1,72.681,25.310
2025-12-11T17:29:43.470328,eqwweq,e1,e2,89.206,35.890
2025-12-11T18:54:34.054690,rrer,xrhstos2,xrhstos1,2.022,0.000
2025-12-11T18:54:35.413629,rrer,xrhstos1,xrhstos2,2.006,0.000
2025-12-11T18:54:37.052407,rrer,xrhstos2,xrhstos1,2.011,0.000
2025-12-11T18:54:38.411166,rrer,xrhstos1,xrhstos2,1.518,0.000
2025-12-11T18:54:40.052230,rrer,xrhstos2,xrhstos1,1.014,0.579
2025-12-11T18:54:41.414512,rrer,xrhstos1,xrhstos2,3.009,0.760
2025-12-11T18:54:43.051712,rrer,xrhstos2,xrhstos1,2.012,0.501
2025-12-11T18:54:44.412614,rrer,xrhstos1,xrhstos2,2.006,0.626
2025-12-11T18:54:46.052643,rrer,xrhstos2,xrhstos1,2.009,0.447
2025-12-11T18:54:47.412536,rrer,xrhstos1,xrhstos2,1.976,0.547
2025-12-11T18:54:49.052007,rrer,xrhstos2,xrhstos1,2.018,0.409
2025-12-11T18:54:50.412023,rrer,xrhstos1,xrhstos2,2.019,0.491
2025-12-11T18:54:52.052009,rrer,xrhstos2,xrhstos1,2.017,0.378
2025-12-11T18:54:53.412310,rrer,xrhstos1,xrhstos2,2.008,0.449
2025-12-11T18:54:55.052570,rrer,xrhstos2,xrhstos1,2.006,0.354
2025-12-11T18:54:56.411881,rrer,xrhstos1,xrhstos2,2.011,0.416
2025-12-11T18:54:58.052125,rrer,xrhstos2,xrhstos1,2.019,0.334
2025-12-11T18:54:59.411929,rrer,xrhstos1,xrhstos2,2.011,0.390
2025-12-11T18:55:01.053164,rrer,xrhstos2,xrhstos1,3.535,0.604
2025-12-11T18:55:02.412081,rrer,xrhstos1,xrhstos2,2.021,0.368
2025-12-11T18:55:59.365203,ff,rt2,ep1,1.991,0.000
2025-12-11T18:55:59.975478,ff,ep1,rt2,1.984,0.000
2025-12-11T18:56:02.364672,ff,rt2,ep1,2.004,0.000
2025-12-11T18:56:02.974892,ff,ep1,rt2,1.992,0.000
2025-12-11T18:56:05.365013,ff,rt2,ep1,1.977,0.014
2025-12-11T18:56:05.974159,ff,ep1,rt2,2.003,0.009
2025-12-11T18:56:08.364704,ff,rt2,ep1,2.003,0.013
2025-12-11T18:56:08.974980,ff,ep1,rt2,1.994,0.008
2025-12-11T18:56:11.364877,ff,rt2,ep1,2.000,0.011
2025-12-11T18:56:11.975073,ff,ep1,rt2,1.000,0.444
2025-12-11T18:56:14.364196,ff,rt2,ep1,1.001,0.406
2025-12-11T18:56:14.974386,ff,ep1,rt2,1.993,0.405
2025-12-11T18:56:17.364393,ff,rt2,ep1,2.002,0.376
2025-12-11T18:56:17.974686,ff,ep1,rt2,2.002,0.376
2025-12-11T18:56:20.364756,ff,rt2,ep1,2.001,0.352
2025-12-11T18:56:20.974037,ff,ep1,rt2,2.000,0.352
2025-12-11T18:56:23.365030,ff,rt2,ep1,1.984,0.331
2025-12-11T18:56:23.974312,ff,ep1,rt2,1.976,0.331
2025-12-11T18:56:26.365738,ff,rt2,ep1,1.981,0.314
2025-12-11T18:56:26.974951,ff,ep1,rt2,1.002,0.418
2025-12-11T18:56:29.365006,ff,rt2,ep1,1.981,0.299
2025-12-11T18:56:29.973303,ff,ep1,rt2,1.983,0.401
2025-12-11T18:56:32.365997,ff,rt2,ep1,1.998,0.286
2025-12-11T18:56:32.975111,ff,ep1,rt2,2.005,0.386
2025-12-11T18:56:35.364838,ff,rt2,ep1,2.000,0.275
2025-12-11T18:56:35.974126,ff,ep1,rt2,0.995,0.436
2025-12-11T18:56:38.364890,ff,rt2,ep1,2.002,0.266
2025-12-11T18:56:38.974136,ff,ep1,rt2,1.984,0.423
2025-12-11T18:56:41.364830,ff,rt2,ep1,1.997,0.257
2025-12-11T18:56:41.974943,ff,ep1,rt2,1.001,0.454
2025-12-11T18:56:44.364654,ff,rt2,ep1,1.999,0.249
2025-12-11T18:56:44.973759,ff,ep1,rt2,2.000,0.444
2025-12-11T18:56:47.364706,ff,rt2,ep1,1.977,0.241
2025-12-11T18:56:47.974978,ff,ep1,rt2,2.001,0.435
2025-12-11T18:56:50.364916,ff,rt2,ep1,2.005,0.234
2025-12-11T18:56:50.974153,ff,ep1,rt2,0.994,0.459
2025-12-11T18:56:53.364765,ff,rt2,ep1,2.001,0.228
2025-12-11T18:56:53.974978,ff,ep1,rt2,1.990,0.450
2025-12-11T18:56:56.364751,ff,rt2,ep1,1.999,0.222
2025-12-11T18:56:56.974500,ff,ep1,rt2,2.002,0.442
2025-12-11T18:56:59.364419,ff,rt2,ep1,2.001,0.217
2025-12-11T18:56:59.973567,ff,ep1,rt2,2.000,0.435
2025-12-11T18:57:02.365178,ff,rt2,ep1,3.003,0.309
2025-12-11T18:57:02.973278,ff,ep1,rt2,2.002,0.427
2025-12-11T18:57:05.370803,ff,rt2,ep1,5.998,0.887
2025-12-11T18:57:05.974906,ff,ep1,rt2,2.003,0.420
2025-12-11T18:57:08.364817,ff,rt2,ep1,2.000,0.869
2025-12-11T18:57:08.974973,ff,ep1,rt2,1.005,0.440
2025-12-11T18:57:11.364863,ff,rt2,ep1,2.001,0.851
2025-12-11T18:57:11.974973,ff,ep1,rt2,1.999,0.434
2025-12-11T18:57:14.364846,ff,rt2,ep1,2.002,0.834
2025-12-11T18:57:14.975008,ff,ep1,rt2,1.993,0.428
2025-12-11T18:57:17.364184,ff,rt2,ep1,1.999,0.819
2025-12-11T18:57:17.974344,ff,ep1,rt2,2.003,0.422
2025-12-11T18:57:20.364805,ff,rt2,ep1,2.000,0.804
2025-12-11T18:57:20.975932,ff,ep1,rt2,3.007,0.475
2025-12-11T18:57:23.365001,ff,rt2,ep1,1.991,0.790
2025-12-11T18:57:23.973243,ff,ep1,rt2,1.985,0.468
2025-12-11T18:57:26.365423,ff,rt2,ep1,2.997,0.792
2025-12-11T18:57:26.977750,ff,ep1,rt2,6.001,0.890
2025-12-11T18:58:32.647499,rr,nik,jok,1.993,0.000
2025-12-11T18:58:33.005705,rr,jok,nik,1.999,0.000
2025-12-11T18:58:35.646936,rr,nik,jok,1.981,0.000
2025-12-11T18:58:36.004086,rr,jok,nik,1.003,0.000
2025-12-11T18:58:38.646930,rr,nik,jok,1.999,0.009
2025-12-11T18:58:39.004135,rr,jok,nik,1.515,0.498
2025-12-11T18:58:41.645185,rr,nik,jok,1.979,0.010
2025-12-11T18:58:42.004403,rr,jok,nik,1.487,0.407
2025-12-11T18:58:44.645614,rr,nik,jok,1.991,0.008
2025-12-11T18:58:45.005217,rr,jok,nik,2.001,0.417
2025-12-11T18:58:47.645788,rr,nik,jok,1.987,0.008
2025-12-11T18:58:48.005400,rr,jok,nik,1.979,0.404
2025-12-11T18:58:50.647024,rr,nik,jok,1.982,0.007
2025-12-11T18:58:51.004776,rr,jok,nik,1.984,0.388
2025-12-11T19:17:36.764026,ew,reer,tr,1.514,0.000
2025-12-11T19:17:38.943113,ew,tr,reer,1.001,0.000
2025-12-11T19:17:39.755542,ew,reer,tr,2.519,0.000
2025-12-11T19:17:41.942804,ew,tr,reer,2.002,0.000
2025-12-11T19:17:42.755326,ew,reer,tr,1.513,0.580
2025-12-11T19:17:44.942657,ew,tr,reer,2.000,0.577
2025-12-11T19:17:45.755241,ew,reer,tr,2.015,0.481
2025-12-11T19:17:47.942827,ew,tr,reer,2.001,0.500
2025-12-11T19:17:48.754858,ew,reer,tr,2.007,0.420
2025-12-11T19:17:50.942799,ew,tr,reer,2.003,0.447
2025-12-11T19:17:51.755348,ew,reer,tr,2.011,0.378
2025-12-11T19:17:53.942737,ew,tr,reer,2.002,0.408
2025-12-11T19:17:54.754287,ew,reer,tr,1.008,0.490
2025-12-11T19:17:56.942868,ew,tr,reer,2.001,0.378
2025-12-11T19:18:51.303252,dd,uio,ewq,2.003,0.000
2025-12-11T19:18:51.678959,dd,ewq,uio,2.002,0.000
2025-12-11T19:18:54.301069,dd,uio,ewq,1.003,0.000
2025-12-11T19:18:54.676741,dd,ewq,uio,1.008,0.000
2025-12-11T19:18:57.301674,dd,uio,ewq,2.001,0.577
2025-12-11T19:18:57.676861,dd,ewq,uio,2.006,0.575
2025-12-11T19:19:00.301726,dd,uio,ewq,2.002,0.500
2025-12-11T19:19:00.676077,dd,ewq,uio,1.000,0.577
2025-12-11T19:19:03.301080,dd,uio,ewq,1.002,0.548
2025-12-11T19:19:03.676979,dd,ewq,uio,2.006,0.548
2025-12-11T19:19:06.301979,dd,uio,ewq,2.003,0.516
2025-12-11T19:19:06.675405,dd,ewq,uio,1.007,0.548
2025-12-11T19:19:09.302530,dd,uio,ewq,1.001,0.535
2025-12-11T19:19:09.676376,dd,ewq,uio,2.004,0.534
2025-12-11T19:19:12.302806,dd,uio,ewq,2.512,0.596
2025-12-11T19:19:12.676706,dd,ewq,uio,1.007,0.534
2025-12-11T19:19:15.302506,dd,uio,ewq,1.000,0.603
2025-12-11T19:19:15.676677,dd,ewq,uio,2.009,0.527
2025-12-11T19:19:18.301722,dd,uio,ewq,2.005,0.582
2025-12-11T19:19:18.676491,dd,ewq,uio,2.007,0.517
2025-12-11T19:19:21.302583,dd,uio,ewq,2.509,0.609
2025-12-11T19:19:21.676861,dd,ewq,uio,1.009,0.522
2025-12-11T19:19:24.301901,dd,uio,ewq,2.002,0.586
2025-12-11T19:19:24.677614,dd,ewq,uio,3.008,0.652
2025-12-11T19:19:27.301013,dd,uio,ewq,1.003,0.599
2025-12-11T19:19:27.676770,dd,ewq,uio,2.008,0.631
2025-12-11T19:19:30.301414,dd,uio,ewq,2.001,0.581
2025-12-11T19:19:30.676088,dd,ewq,uio,1.508,0.608
2025-12-11T19:19:33.302449,dd,uio,ewq,2.510,0.596
2025-12-11T19:19:33.676591,dd,ewq,uio,2.006,0.592
2025-12-11T19:19:36.301403,dd,uio,ewq,2.003,0.579
2025-12-11T19:19:36.676586,dd,ewq,uio,1.008,0.598
2025-12-11T19:19:39.301521,dd,uio,ewq,2.002,0.563
2025-12-11T19:19:39.677173,dd,ewq,uio,1.001,0.601
2025-12-11T19:19:42.301485,dd,uio,ewq,2.000,0.548
2025-12-11T19:19:42.676652,dd,ewq,uio,1.006,0.601
2025-12-11T19:19:45.302580,dd,uio,ewq,2.511,0.556
2025-12-11T19:19:45.676362,dd,ewq,uio,1.009,0.599
2025-12-11T19:19:48.301438,dd,uio,ewq,2.001,0.543
2025-12-11T19:19:48.677128,dd,ewq,uio,2.000,0.591
2025-12-11T19:19:51.301361,dd,uio,ewq,2.001,0.530
2025-12-11T19:19:51.676590,dd,ewq,uio,2.006,0.584
2025-12-11T19:19:54.307673,dd,uio,ewq,7.526,1.314
2025-12-11T19:19:54.677312,dd,ewq,uio,1.003,0.584
2025-12-11T19:19:57.304732,dd,uio,ewq,2.518,1.286
2025-12-11T19:19:57.676411,dd,ewq,uio,2.008,0.577
2025-12-11T19:20:00.302404,dd,uio,ewq,1.003,1.279
2025-12-11T19:20:00.676601,dd,ewq,uio,2.010,0.571
2025-12-11T19:20:03.301375,dd,uio,ewq,2.002,1.252
2025-12-11T19:20:03.676544,dd,ewq,uio,2.006,0.565
2025-12-11T19:20:06.302563,dd,uio,ewq,2.518,1.230
2025-12-11T19:20:06.676248,dd,ewq,uio,0.998,0.567
2026-01-26T13:24:15.715075,Dwmatio1,Giorgos,Giannhs,1.997,0.000
2026-01-26T13:24:18.056495,Dwmatio1,Giannhs,Giorgos,2.011,0.000
2026-01-26T13:24:18.712734,Dwmatio1,Giorgos,Giannhs,2.002,0.000
2026-01-26T13:24:21.055941,Dwmatio1,Giannhs,Giorgos,2.155,0.000
2026-01-26T13:24:21.711644,Dwmatio1,Giorgos,Giannhs,1.998,0.003
2026-01-26T13:24:24.055654,Dwmatio1,Giannhs,Giorgos,2.052,0.074
2026-01-26T13:24:24.711829,Dwmatio1,Giorgos,Giannhs,1.977,0.011
2026-01-26T13:24:27.055525,Dwmatio1,Giannhs,Giorgos,2.010,0.068
2026-01-26T13:24:27.711396,Dwmatio1,Giorgos,Giannhs,2.016,0.014
2026-01-26T13:24:30.056683,Dwmatio1,Giannhs,Giorgos,3.022,0.436
2026-01-26T13:24:30.710949,Dwmatio1,Giorgos,Giannhs,1.966,0.018
2026-01-26T13:24:33.057154,Dwmatio1,Giannhs,Giorgos,3.275,0.572
2026-01-26T13:24:33.711773,Dwmatio1,Giorgos,Giannhs,1.966,0.019
2026-01-26T13:24:36.055779,Dwmatio1,Giannhs,Giorgos,2.065,0.539
2026-01-26T13:24:36.712406,Dwmatio1,Giorgos,Giannhs,3.002,0.359
2026-01-26T13:24:39.056206,Dwmatio1,Giannhs,Giorgos,2.361,0.499
2026-01-26T13:24:39.711828,Dwmatio1,Giorgos,Giannhs,3.001,0.447
2026-01-26T13:24:42.055390,Dwmatio1,Giannhs,Giorgos,1.000,0.653
2026-01-26T13:24:42.712104,Dwmatio1,Giorgos,Giannhs,2.846,0.466
2026-01-26T13:24:45.055945,Dwmatio1,Giannhs,Giorgos,2.152,0.616
2026-01-26T13:24:45.711736,Dwmatio1,Giorgos,Giannhs,1.842,0.461
2026-01-26T13:24:48.056558,Dwmatio1,Giannhs,Giorgos,3.015,0.633
2026-01-26T13:24:48.711477,Dwmatio1,Giorgos,Giannhs,2.616,0.453
2026-01-26T13:24:51.055854,Dwmatio1,Giannhs,Giorgos,2.073,0.606
2026-01-26T13:24:51.712745,Dwmatio1,Giorgos,Giannhs,2.996,0.479
2026-01-26T13:24:54.055447,Dwmatio1,Giannhs,Giorgos,2.011,0.585
2026-01-26T13:24:54.712071,Dwmatio1,Giorgos,Giannhs,1.986,0.469
2026-01-26T13:24:57.055395,Dwmatio1,Giannhs,Giorgos,2.008,0.565
2026-01-26T13:24:57.712728,Dwmatio1,Giorgos,Giannhs,1.995,0.458
2026-01-26T13:25:00.055998,Dwmatio1,Giannhs,Giorgos,2.220,0.545
2026-01-26T13:25:00.711910,Dwmatio1,Giorgos,Giannhs,2.082,0.446
2026-01-26T13:25:03.055993,Dwmatio1,Giannhs,Giorgos,2.223,0.526
2026-01-26T13:25:03.712501,Dwmatio1,Giorgos,Giannhs,1.999,0.436
2026-01-26T13:25:06.055437,Dwmatio1,Giannhs,Giorgos,2.018,0.512
2026-01-26T13:25:06.711996,Dwmatio1,Giorgos,Giannhs,2.952,0.454
2026-01-26T13:25:09.057494,Dwmatio1,Giannhs,Giorgos,2.999,0.530
2026-01-26T13:25:09.711858,Dwmatio1,Giorgos,Giannhs,1.991,0.447
2026-01-26T13:25:12.053937,Dwmatio1,Giannhs,Giorgos,1.536,0.541
2026-01-26T13:25:12.712449,Dwmatio1,Giorgos,Giannhs,1.998,0.439
2026-01-26T13:25:15.055410,Dwmatio1,Giannhs,Giorgos,2.543,0.532
2026-01-26T13:25:15.711440,Dwmatio1,Giorgos,Giannhs,2.578,0.434
2026-01-26T13:25:18.057724,Dwmatio1,Giannhs,Giorgos,4.011,0.647
2026-01-26T13:25:18.712325,Dwmatio1,Giorgos,Giannhs,1.847,0.433
2026-01-26T13:25:21.055630,Dwmatio1,Giannhs,Giorgos,2.061,0.634
2026-01-26T13:25:21.711654,Dwmatio1,Giorgos,Giannhs,1.993,0.427
2026-01-26T13:25:24.056860,Dwmatio1,Giannhs,Giorgos,2.000,0.622
2026-01-26T13:25:24.711967,Dwmatio1,Giorgos,Giannhs,2.002,0.420
2026-01-26T13:25:27.055352,Dwmatio1,Giannhs,Giorgos,2.011,0.612
2026-01-26T13:25:27.711450,Dwmatio1,Giorgos,Giannhs,1.962,0.415
2026-01-26T13:25:30.054541,Dwmatio1,Giannhs,Giorgos,2.077,0.600
2026-01-26T13:25:30.710958,Dwmatio1,Giorgos,Giannhs,1.829,0.414
2026-01-26T13:25:33.057831,Dwmatio1,Giannhs,Giorgos,3.001,0.605
2026-01-26T13:25:33.711432,Dwmatio1,Giorgos,Giannhs,1.852,0.412
2026-01-26T13:25:36.055743,Dwmatio1,Giannhs,Giorgos,3.158,0.616
2026-01-26T13:25:36.711307,Dwmatio1,Giorgos,Giannhs,2.632,0.412
2026-01-26T13:25:39.055762,Dwmatio1,Giannhs,Giorgos,2.006,0.607
2026-01-26T13:25:39.712317,Dwmatio1,Giorgos,Giannhs,2.819,0.420
2026-01-26T13:25:42.055959,Dwmatio1,Giannhs,Giorgos,2.287,0.596
2026-01-26T13:25:42.711546,Dwmatio1,Giorgos,Giannhs,1.851,0.419
2026-01-26T13:25:45.055498,Dwmatio1,Giannhs,Giorgos,2.005,0.589
2026-01-26T13:25:45.712324,Dwmatio1,Giorgos,Giannhs,2.840,0.427
2026-01-26T13:25:48.055968,Dwmatio1,Giannhs,Giorgos,2.009,0.581
2026-01-26T13:25:48.712484,Dwmatio1,Giorgos,Giannhs,3.037,0.443
2026-01-26T13:25:51.055463,Dwmatio1,Giannhs,Giorgos,2.010,0.574
2026-01-26T13:25:51.712356,Dwmatio1,Giorgos,Giannhs,1.996,0.438
2026-01-26T13:25:54.056362,Dwmatio1,Giannhs,Giorgos,3.009,0.579
2026-01-26T13:25:54.711822,Dwmatio1,Giorgos,Giannhs,1.991,0.434
2026-01-26T13:25:57.055424,Dwmatio1,Giannhs,Giorgos,2.043,0.572
2026-01-26T13:25:57.711806,Dwmatio1,Giorgos,Giannhs,1.996,0.430
2026-01-26T13:26:00.055431,Dwmatio1,Giannhs,Giorgos,2.010,0.566
2026-01-26T13:26:00.711294,Dwmatio1,Giorgos,Giannhs,2.001,0.425
2026-01-26T13:26:03.055691,Dwmatio1,Giannhs,Giorgos,2.007,0.560
2026-01-26T13:26:03.711706,Dwmatio1,Giorgos,Giannhs,2.017,0.421
2026-01-26T13:26:06.054240,Dwmatio1,Giannhs,Giorgos,1.013,0.590
2026-01-26T13:26:06.711733,Dwmatio1,Giorgos,Giannhs,0.999,0.461
2026-01-26T13:26:09.055304,Dwmatio1,Giannhs,Giorgos,2.007,0.584
2026-01-26T13:26:09.712490,Dwmatio1,Giorgos,Giannhs,1.999,0.456
2026-01-26T13:26:12.055449,Dwmatio1,Giannhs,Giorgos,2.019,0.577
2026-01-26T13:26:12.712391,Dwmatio1,Giorgos,Giannhs,3.029,0.469
2026-01-26T13:26:15.061799,Dwmatio1,Giannhs,Giorgos,4.999,0.717
2026-01-26T13:26:15.711540,Dwmatio1,Giorgos,Giannhs,1.998,0.464
2026-01-26T13:26:18.055409,Dwmatio1,Giannhs,Giorgos,2.005,0.710
2026-01-26T13:26:18.711563,Dwmatio1,Giorgos,Giannhs,0.963,0.497
2026-01-26T13:26:21.055717,Dwmatio1,Giannhs,Giorgos,2.074,0.702
2026-01-26T13:26:21.712468,Dwmatio1,Giorgos,Giannhs,2.013,0.492
2026-01-26T13:26:24.057531,Dwmatio1,Giannhs,Giorgos,4.155,0.749
2026-01-26T13:26:24.712559,Dwmatio1,Giorgos,Giannhs,2.956,0.500
2026-01-26T13:26:27.055363,Dwmatio1,Giannhs,Giorgos,2.017,0.742
2026-01-26T13:26:27.711250,Dwmatio1,Giorgos,Giannhs,1.971,0.496
2026-01-26T13:26:30.055377,Dwmatio1,Giannhs,Giorgos,2.006,0.735
2026-01-26T13:26:30.711784,Dwmatio1,Giorgos,Giannhs,1.992,0.491
2026-01-26T13:26:33.056591,Dwmatio1,Giannhs,Giorgos,1.995,0.729
2026-01-26T13:26:33.711376,Dwmatio1,Giorgos,Giannhs,1.872,0.488
2026-01-26T13:26:36.056689,Dwmatio1,Giannhs,Giorgos,3.052,0.729
2026-01-26T13:26:36.712471,Dwmatio1,Giorgos,Giannhs,2.992,0.497
2026-01-26T13:26:39.055264,Dwmatio1,Giannhs,Giorgos,2.015,0.722
2026-01-26T13:26:39.711248,Dwmatio1,Giorgos,Giannhs,1.871,0.494
2026-01-26T13:26:42.055300,Dwmatio1,Giannhs,Giorgos,2.014,0.716
2026-01-26T13:26:42.711282,Dwmatio1,Giorgos,Giannhs,2.000,0.489
2026-01-26T13:26:45.058758,Dwmatio1,Giannhs,Giorgos,3.007,0.715
2026-01-26T13:26:45.711378,Dwmatio1,Giorgos,Giannhs,2.001,0.485
2026-01-26T13:26:48.056979,Dwmatio1,Giannhs,Giorgos,3.013,0.715
2026-01-26T13:26:48.713651,Dwmatio1,Giorgos,Giannhs,2.517,0.482
2026-01-26T13:26:51.055433,Dwmatio1,Giannhs,Giorgos,2.050,0.709
2026-01-26T13:26:51.711355,Dwmatio1,Giorgos,Giannhs,1.827,0.480
2026-01-26T13:26:54.055422,Dwmatio1,Giannhs,Giorgos,2.076,0.703
2026-01-26T13:26:54.712443,Dwmatio1,Giorgos,Giannhs,1.997,0.476
2026-01-26T13:26:57.055711,Dwmatio1,Giannhs,Giorgos,2.039,0.697
2026-01-26T13:26:57.711818,Dwmatio1,Giorgos,Giannhs,1.998,0.473
2026-01-26T13:27:00.055530,Dwmatio1,Giannhs,Giorgos,2.147,0.691
2026-01-26T13:27:00.764622,Dwmatio1,Giorgos,Giannhs,3.052,0.483
2026-01-26T13:27:03.055696,Dwmatio1,Giannhs,Giorgos,3.086,0.692
2026-01-26T13:27:03.712163,Dwmatio1,Giorgos,Giannhs,2.999,0.490
2026-01-26T13:27:06.055456,Dwmatio1,Giannhs,Giorgos,2.014,0.688
2026-01-26T13:27:06.712293,Dwmatio1,Giorgos,Giannhs,3.004,0.497
2026-01-26T13:27:09.055239,Dwmatio1,Giannhs,Giorgos,2.005,0.683
2026-01-26T13:27:09.710577,Dwmatio1,Giorgos,Giannhs,2.000,0.494
2026-01-26T13:27:12.055736,Dwmatio1,Giannhs,Giorgos,2.147,0.677
2026-01-26T13:27:12.713517,Dwmatio1,Giorgos,Giannhs,2.977,0.499
2026-01-26T13:27:15.056237,Dwmatio1,Giannhs,Giorgos,2.002,0.673
2026-01-26T13:27:15.711326,Dwmatio1,Giorgos,Giannhs,2.022,0.496
2026-01-26T13:27:18.055058,Dwmatio1,Giannhs,Giorgos,2.424,0.667
2026-01-26T13:27:18.712310,Dwmatio1,Giorgos,Giannhs,2.839,0.498
2026-01-26T13:27:21.056226,Dwmatio1,Giannhs,Giorgos,3.008,0.668
2026-01-26T13:27:21.711436,Dwmatio1,Giorgos,Giannhs,1.992,0.495
2026-01-26T13:27:24.055657,Dwmatio1,Giannhs,Giorgos,2.042,0.663
2026-01-26T13:27:24.712414,Dwmatio1,Giorgos,Giannhs,1.998,0.492
2026-01-26T13:27:27.055545,Dwmatio1,Giannhs,Giorgos,2.170,0.658
2026-01-26T13:27:27.712454,Dwmatio1,Giorgos,Giannhs,2.960,0.496
2026-01-26T13:27:30.056303,Dwmatio1,Giannhs,Giorgos,1.997,0.654
2026-01-26T13:27:30.713184,Dwmatio1,Giorgos,Giannhs,2.847,0.498
2026-01-26T13:27:33.056201,Dwmatio1,Giannhs,Giorgos,3.006,0.655
2026-01-26T13:27:33.711609,Dwmatio1,Giorgos,Giannhs,1.993,0.496
2026-01-26T13:27:36.054592,Dwmatio1,Giannhs,Giorgos,2.187,0.650
2026-01-26T13:27:36.711181,Dwmatio1,Giorgos,Giannhs,1.988,0.493
2026-01-26T13:27:39.056930,Dwmatio1,Giannhs,Giorgos,4.332,0.689
2026-01-26T13:27:39.712262,Dwmatio1,Giorgos,Giannhs,2.036,0.490
2026-01-26T13:27:42.056815,Dwmatio1,Giannhs,Giorgos,4.257,0.721
2026-01-26T13:27:42.711109,Dwmatio1,Giorgos,Giannhs,1.505,0.494
2026-01-26T13:27:45.056507,Dwmatio1,Giannhs,Giorgos,4.080,0.744
2026-01-26T13:27:45.711386,Dwmatio1,Giorgos,Giannhs,2.000,0.491
2026-01-26T13:27:48.056539,Dwmatio1,Giannhs,Giorgos,2.007,0.740
2026-01-26T13:27:48.712217,Dwmatio1,Giorgos,Giannhs,2.000,0.488
2026-01-26T13:27:51.056313,Dwmatio1,Giannhs,Giorgos,0.994,0.754
2026-01-26T13:27:51.712375,Dwmatio1,Giorgos,Giannhs,2.823,0.490
2026-01-26T13:27:54.057206,Dwmatio1,Giannhs,Giorgos,3.001,0.752
2026-01-26T13:27:54.711331,Dwmatio1,Giorgos,Giannhs,1.933,0.488
2026-01-26T13:27:57.056197,Dwmatio1,Giannhs,Giorgos,1.999,0.748
2026-01-26T13:27:57.711399,Dwmatio1,Giorgos,Giannhs,1.836,0.487
2026-01-26T13:28:00.056159,Dwmatio1,Giannhs,Giorgos,2.039,0.744
2026-01-26T13:28:00.712489,Dwmatio1,Giorgos,Giannhs,2.003,0.484
2026-01-26T13:28:03.055441,Dwmatio1,Giannhs,Giorgos,2.041,0.740
2026-01-26T13:28:03.711286,Dwmatio1,Giorgos,Giannhs,1.904,0.482
2026-01-26T13:28:06.057371,Dwmatio1,Giannhs,Giorgos,4.008,0.758
2026-01-26T13:28:06.712453,Dwmatio1,Giorgos,Giannhs,2.971,0.487
2026-01-26T13:28:09.057244,Dwmatio1,Giannhs,Giorgos,3.003,0.756
2026-01-26T13:28:09.711129,Dwmatio1,Giorgos,Giannhs,0.924,0.505
2026-01-26T13:28:12.057713,Dwmatio1,Giannhs,Giorgos,2.993,0.754
2026-01-26T13:28:12.713057,Dwmatio1,Giorgos,Giannhs,2.003,0.502
2026-01-26T13:28:15.058108,Dwmatio1,Giannhs,Giorgos,4.009,0.770
2026-01-26T13:28:15.713198,Dwmatio1,Giorgos,Giannhs,2.024,0.500
2026-01-26T13:28:18.054544,Dwmatio1,Giannhs,Giorgos,2.134,0.766
2026-01-26T13:28:18.711451,Dwmatio1,Giorgos,Giannhs,2.854,0.502
2026-01-26T13:28:21.055397,Dwmatio1,Giannhs,Giorgos,3.059,0.765
2026-01-26T13:28:21.711350,Dwmatio1,Giorgos,Giannhs,1.825,0.500
2026-01-26T13:28:24.056145,Dwmatio1,Giannhs,Giorgos,2.028,0.761
2026-01-26T13:28:24.711666,Dwmatio1,Giorgos,Giannhs,1.972,0.498
2026-01-26T13:28:27.057337,Dwmatio1,Giannhs,Giorgos,2.999,0.759
2026-01-26T13:28:27.712066,Dwmatio1,Giorgos,Giannhs,1.951,0.496
2026-01-26T13:28:30.057191,Dwmatio1,Giannhs,Giorgos,3.003,0.757
2026-01-26T13:28:30.711716,Dwmatio1,Giorgos,Giannhs,2.003,0.493
2026-01-26T13:28:33.056357,Dwmatio1,Giannhs,Giorgos,2.044,0.754
2026-01-26T13:28:33.711506,Dwmatio1,Giorgos,Giannhs,2.001,0.491
2026-01-26T13:28:36.056343,Dwmatio1,Giannhs,Giorgos,2.134,0.750
2026-01-26T13:28:36.713669,Dwmatio1,Giorgos,Giannhs,3.509,0.508
2026-01-26T13:28:39.057278,Dwmatio1,Giannhs,Giorgos,1.999,0.747
2026-01-26T13:28:39.711324,Dwmatio1,Giorgos,Giannhs,2.000,0.505
2026-01-26T13:28:42.056194,Dwmatio1,Giannhs,Giorgos,2.033,0.744
2026-01-26T13:28:42.712059,Dwmatio1,Giorgos,Giannhs,2.038,0.503
2026-01-26T13:28:45.055389,Dwmatio1,Giannhs,Giorgos,2.089,0.741
2026-01-26T13:28:45.711731,Dwmatio1,Giorgos,Giannhs,1.001,0.516
2026-01-26T13:28:48.056352,Dwmatio1,Giannhs,Giorgos,2.032,0.738
2026-01-26T13:28:48.710626,Dwmatio1,Giorgos,Giannhs,1.690,0.515
2026-01-26T13:28:51.056445,Dwmatio1,Giannhs,Giorgos,2.003,0.735
2026-01-26T13:28:51.712217,Dwmatio1,Giorgos,Giannhs,1.874,0.514
2026-01-26T13:28:54.056244,Dwmatio1,Giannhs,Giorgos,1.990,0.733
2026-01-26T13:28:54.711277,Dwmatio1,Giorgos,Giannhs,1.958,0.511
2026-01-26T13:28:57.057247,Dwmatio1,Giannhs,Giorgos,3.002,0.731
2026-01-26T13:28:57.714127,Dwmatio1,Giorgos,Giannhs,2.577,0.510
2026-01-26T13:29:00.054724,Dwmatio1,Giannhs,Giorgos,2.402,0.727
2026-01-26T13:29:00.711513,Dwmatio1,Giorgos,Giannhs,1.991,0.508
2026-01-26T13:29:03.057213,Dwmatio1,Giannhs,Giorgos,2.005,0.725
2026-01-26T13:29:03.710988,Dwmatio1,Giorgos,Giannhs,1.862,0.506
2026-01-26T13:29:06.058028,Dwmatio1,Giannhs,Giorgos,3.001,0.723
2026-01-26T13:29:06.712333,Dwmatio1,Giorgos,Giannhs,1.991,0.504
2026-01-26T13:29:09.057229,Dwmatio1,Giannhs,Giorgos,2.997,0.722
2026-01-26T13:29:09.711227,Dwmatio1,Giorgos,Giannhs,1.838,0.503
2026-01-26T13:29:12.056445,Dwmatio1,Giannhs,Giorgos,3.091,0.721
2026-01-26T13:29:12.710986,Dwmatio1,Giorgos,Giannhs,0.999,0.514
2026-01-26T13:29:15.057236,Dwmatio1,Giannhs,Giorgos,3.049,0.720
2026-01-26T13:29:15.712182,Dwmatio1,Giorgos,Giannhs,1.867,0.514
2026-01-26T13:29:18.058127,Dwmatio1,Giannhs,Giorgos,3.001,0.721
2026-01-26T13:29:18.711390,Dwmatio1,Giorgos,Giannhs,1.988,0.514
2026-01-26T13:29:21.056996,Dwmatio1,Giannhs,Giorgos,2.999,0.723
2026-01-26T13:29:21.712175,Dwmatio1,Giorgos,Giannhs,1.841,0.515
2026-01-26T13:29:24.056505,Dwmatio1,Giannhs,Giorgos,4.108,0.740
2026-01-26T13:29:24.711379,Dwmatio1,Giorgos,Giannhs,1.979,0.515
2026-01-26T13:29:27.056158,Dwmatio1,Giannhs,Giorgos,3.057,0.741
2026-01-26T13:29:27.711468,Dwmatio1,Giorgos,Giannhs,2.001,0.515
2026-01-26T13:29:30.057319,Dwmatio1,Giannhs,Giorgos,4.905,0.777
2026-01-26T13:29:30.712200,Dwmatio1,Giorgos,Giannhs,2.990,0.521
2026-01-26T13:29:33.056244,Dwmatio1,Giannhs,Giorgos,2.003,0.775
2026-01-26T13:29:33.711573,Dwmatio1,Giorgos,Giannhs,1.843,0.522
2026-01-26T13:29:36.057000,Dwmatio1,Giannhs,Giorgos,3.001,0.776
2026-01-26T13:29:36.711062,Dwmatio1,Giorgos,Giannhs,2.000,0.515
2026-01-26T13:29:39.055244,Dwmatio1,Giannhs,Giorgos,2.012,0.777
2026-01-26T13:29:39.711246,Dwmatio1,Giorgos,Giannhs,1.993,0.509
2026-01-26T13:29:42.058328,Dwmatio1,Giannhs,Giorgos,3.998,0.776
2026-01-26T13:29:42.710590,Dwmatio1,Giorgos,Giannhs,1.999,0.504
2026-01-26T13:29:45.056294,Dwmatio1,Giannhs,Giorgos,3.932,0.788
2026-01-26T13:29:45.711278,Dwmatio1,Giorgos,Giannhs,1.840,0.504
2026-01-26T13:29:48.057637,Dwmatio1,Giannhs,Giorgos,3.495,0.792
2026-01-26T13:29:48.711212,Dwmatio1,Giorgos,Giannhs,1.849,0.502
2026-01-26T13:29:51.057422,Dwmatio1,Giannhs,Giorgos,2.997,0.792
2026-01-26T13:29:51.710415,Dwmatio1,Giorgos,Giannhs,1.841,0.495
2026-01-26T13:29:54.056268,Dwmatio1,Giannhs,Giorgos,3.101,0.792
2026-01-26T13:29:54.712163,Dwmatio1,Giorgos,Giannhs,2.011,0.495
2026-01-26T13:29:57.057336,Dwmatio1,Giannhs,Giorgos,3.000,0.791
2026-01-26T13:29:57.711493,Dwmatio1,Giorgos,Giannhs,1.991,0.495
2026-01-26T13:30:00.056051,Dwmatio1,Giannhs,Giorgos,1.998,0.792
2026-01-26T13:30:00.711204,Dwmatio1,Giorgos,Giannhs,1.837,0.496
2026-01-26T13:30:03.056686,Dwmatio1,Giannhs,Giorgos,3.012,0.792
2026-01-26T13:30:03.710587,Dwmatio1,Giorgos,Giannhs,2.003,0.496
2026-01-26T13:30:06.056169,Dwmatio1,Giannhs,Giorgos,2.002,0.792
2026-01-26T13:30:06.712360,Dwmatio1,Giorgos,Giannhs,2.876,0.495
2026-01-26T13:30:09.058336,Dwmatio1,Giannhs,Giorgos,3.997,0.804
2026-01-26T13:30:09.712109,Dwmatio1,Giorgos,Giannhs,1.840,0.495
2026-01-26T13:30:12.064271,Dwmatio1,Giannhs,Giorgos,7.998,0.962
2026-01-26T13:30:12.711975,Dwmatio1,Giorgos,Giannhs,3.002,0.503
2026-01-26T13:30:15.066031,Dwmatio1,Giannhs,Giorgos,1.998,0.964
2026-01-26T13:30:15.712169,Dwmatio1,Giorgos,Giannhs,2.873,0.507
2026-01-26T13:30:18.056719,Dwmatio1,Giannhs,Giorgos,2.051,0.956
2026-01-26T13:30:18.713652,Dwmatio1,Giorgos,Giannhs,3.512,0.524
2026-01-26T13:30:21.060284,Dwmatio1,Giannhs,Giorgos,5.991,1.011
2026-01-26T13:30:21.711101,Dwmatio1,Giorgos,Giannhs,1.954,0.525
2026-01-26T13:30:24.055752,Dwmatio1,Giannhs,Giorgos,2.512,1.009
2026-01-26T13:30:24.713304,Dwmatio1,Giorgos,Giannhs,3.998,0.556
2026-01-26T13:30:27.056234,Dwmatio1,Giannhs,Giorgos,3.124,1.008
2026-01-26T13:30:27.711338,Dwmatio1,Giorgos,Giannhs,1.962,0.556
2026-01-26T13:30:30.056943,Dwmatio1,Giannhs,Giorgos,4.007,1.014
2026-01-26T13:30:30.711327,Dwmatio1,Giorgos,Giannhs,1.844,0.556
2026-01-26T13:30:33.057075,Dwmatio1,Giannhs,Giorgos,2.999,1.014
2026-01-26T13:30:33.710595,Dwmatio1,Giorgos,Giannhs,2.000,0.555
2026-01-26T13:30:36.056944,Dwmatio1,Giannhs,Giorgos,4.010,1.021
2026-01-26T13:30:36.710611,Dwmatio1,Giorgos,Giannhs,2.013,0.554
2026-01-26T13:30:39.058451,Dwmatio1,Giannhs,Giorgos,1.996,1.021
2026-01-26T13:30:39.712177,Dwmatio1,Giorgos,Giannhs,3.027,0.557
2026-01-26T13:30:42.073860,Dwmatio1,Giannhs,Giorgos,4.339,1.033
2026-01-26T13:30:42.726282,Dwmatio1,Giorgos,Giannhs,15.874,1.479
2026-01-26T13:30:45.054890,Dwmatio1,Giannhs,Giorgos,2.526,1.031
2026-01-26T13:30:45.714185,Dwmatio1,Giorgos,Giannhs,3.381,1.482
2026-01-26T13:30:48.056335,Dwmatio1,Giannhs,Giorgos,3.123,1.029
2026-01-26T13:30:48.729071,Dwmatio1,Giorgos,Giannhs,2.007,1.481
2026-01-26T13:30:51.056277,Dwmatio1,Giannhs,Giorgos,3.226,1.027
2026-01-26T13:30:51.712134,Dwmatio1,Giorgos,Giannhs,2.847,1.481
2026-01-26T13:30:54.058307,Dwmatio1,Giannhs,Giorgos,4.140,1.036
2026-01-26T13:30:54.711507,Dwmatio1,Giorgos,Giannhs,1.840,1.482
2026-01-26T13:30:57.058370,Dwmatio1,Giannhs,Giorgos,4.041,1.041
2026-01-26T13:30:57.713136,Dwmatio1,Giorgos,Giannhs,2.843,1.483
2026-01-26T13:31:00.057247,Dwmatio1,Giannhs,Giorgos,3.001,1.038
2026-01-26T13:31:00.711625,Dwmatio1,Giorgos,Giannhs,1.002,1.488
2026-01-26T13:31:03.057267,Dwmatio1,Giannhs,Giorgos,4.008,1.041
2026-01-26T13:31:03.711408,Dwmatio1,Giorgos,Giannhs,1.848,1.488
2026-01-26T13:31:06.058598,Dwmatio1,Giannhs,Giorgos,3.999,1.031
2026-01-26T13:31:06.711246,Dwmatio1,Giorgos,Giannhs,1.993,1.483
2026-01-26T13:31:09.056242,Dwmatio1,Giannhs,Giorgos,3.093,1.028
2026-01-26T13:31:09.711361,Dwmatio1,Giorgos,Giannhs,1.865,1.483
2026-01-26T13:31:12.054467,Dwmatio1,Giannhs,Giorgos,0.998,1.041
2026-01-26T13:31:12.711670,Dwmatio1,Giorgos,Giannhs,1.938,1.482
2026-01-26T13:31:15.058341,Dwmatio1,Giannhs,Giorgos,2.997,1.019
2026-01-26T13:31:15.711666,Dwmatio1,Giorgos,Giannhs,1.954,1.482
2026-01-26T13:31:18.057275,Dwmatio1,Giannhs,Giorgos,3.111,1.016
2026-01-26T13:31:18.711178,Dwmatio1,Giorgos,Giannhs,1.869,1.477
2026-01-26T13:31:21.056875,Dwmatio1,Giannhs,Giorgos,4.009,1.019
2026-01-26T13:31:21.713030,Dwmatio1,Giorgos,Giannhs,3.847,1.484
2026-01-26T13:31:24.056323,Dwmatio1,Giannhs,Giorgos,3.006,1.011
2026-01-26T13:31:24.711303,Dwmatio1,Giorgos,Giannhs,1.994,1.483
2026-01-26T13:31:27.055430,Dwmatio1,Giannhs,Giorgos,2.114,1.010
2026-01-26T13:31:27.711782,Dwmatio1,Giorgos,Giannhs,1.999,1.483
2026-01-26T13:31:30.057255,Dwmatio1,Giannhs,Giorgos,4.137,1.014
2026-01-26T13:31:30.711413,Dwmatio1,Giorgos,Giannhs,2.022,1.483
2026-01-26T13:31:33.055854,Dwmatio1,Giannhs,Giorgos,3.518,1.012
2026-01-26T13:31:33.711291,Dwmatio1,Giorgos,Giannhs,2.007,1.483
2026-01-26T13:31:36.058445,Dwmatio1,Giannhs,Giorgos,4.006,1.018
2026-01-26T13:31:36.712770,Dwmatio1,Giorgos,Giannhs,2.962,1.483
2026-01-26T13:31:39.056256,Dwmatio1,Giannhs,Giorgos,2.032,1.018
2026-01-26T13:31:39.710989,Dwmatio1,Giorgos,Giannhs,2.003,1.482
2026-01-26T13:31:42.056921,Dwmatio1,Giannhs,Giorgos,3.007,1.014
2026-01-26T13:31:42.712968,Dwmatio1,Giorgos,Giannhs,3.973,1.491
2026-01-26T13:31:45.056015,Dwmatio1,Giannhs,Giorgos,2.002,1.018
2026-01-26T13:31:45.716376,Dwmatio1,Giorgos,Giannhs,5.243,1.519
2026-01-26T13:31:48.058057,Dwmatio1,Giannhs,Giorgos,4.033,1.024
2026-01-26T13:31:48.711148,Dwmatio1,Giorgos,Giannhs,1.981,1.519
2026-01-26T13:31:51.057573,Dwmatio1,Giannhs,Giorgos,2.991,1.021
2026-01-26T13:31:51.711398,Dwmatio1,Giorgos,Giannhs,1.837,1.519
2026-01-26T13:31:54.056931,Dwmatio1,Giannhs,Giorgos,2.972,1.017
2026-01-26T13:31:54.713969,Dwmatio1,Giorgos,Giannhs,4.515,1.534
2026-01-26T13:31:57.057123,Dwmatio1,Giannhs,Giorgos,4.006,1.018
2026-01-26T13:31:57.711502,Dwmatio1,Giorgos,Giannhs,1.991,1.534
2026-01-26T13:32:00.057206,Dwmatio1,Giannhs,Giorgos,2.997,1.015
2026-01-26T13:32:00.710730,Dwmatio1,Giorgos,Giannhs,2.006,1.533
2026-01-26T13:32:03.057207,Dwmatio1,Giannhs,Giorgos,3.105,1.015
2026-01-26T13:32:03.712847,Dwmatio1,Giorgos,Giannhs,3.510,1.536
2026-01-26T13:32:06.056023,Dwmatio1,Giannhs,Giorgos,2.002,1.015
2026-01-26T13:32:06.712946,Dwmatio1,Giorgos,Giannhs,3.963,1.543
2026-01-26T13:32:09.057919,Dwmatio1,Giannhs,Giorgos,1.973,1.015
2026-01-26T13:32:09.711099,Dwmatio1,Giorgos,Giannhs,1.963,1.543
2026-01-26T13:32:12.055750,Dwmatio1,Giannhs,Giorgos,3.007,1.012
2026-01-26T13:32:12.711424,Dwmatio1,Giorgos,Giannhs,2.004,1.542
2026-01-26T13:32:15.057860,Dwmatio1,Giannhs,Giorgos,3.005,1.007
2026-01-26T13:32:15.711141,Dwmatio1,Giorgos,Giannhs,1.980,1.542
2026-01-26T13:32:18.056271,Dwmatio1,Giannhs,Giorgos,3.103,1.006
2026-01-26T13:32:18.712020,Dwmatio1,Giorgos,Giannhs,1.991,1.542
2026-01-26T13:32:21.057022,Dwmatio1,Giannhs,Giorgos,4.009,1.011
2026-01-26T13:32:21.710880,Dwmatio1,Giorgos,Giannhs,1.842,1.542
2026-01-26T13:32:24.058064,Dwmatio1,Giannhs,Giorgos,3.001,1.006
2026-01-26T13:32:24.711253,Dwmatio1,Giorgos,Giannhs,1.853,1.543
2026-01-26T13:32:27.057245,Dwmatio1,Giannhs,Giorgos,2.999,1.003
2026-01-26T13:32:27.711322,Dwmatio1,Giorgos,Giannhs,2.000,1.542
2026-01-26T13:32:30.058491,Dwmatio1,Giannhs,Giorgos,3.995,1.002
2026-01-26T13:32:30.712144,Dwmatio1,Giorgos,Giannhs,1.842,1.542
2026-01-26T13:32:33.057234,Dwmatio1,Giannhs,Giorgos,2.991,1.002
2026-01-26T13:32:33.711935,Dwmatio1,Giorgos,Giannhs,1.994,1.542
2026-01-26T13:32:36.057143,Dwmatio1,Giannhs,Giorgos,2.998,0.998
2026-01-26T13:32:36.711340,Dwmatio1,Giorgos,Giannhs,1.848,1.543
2026-01-26T13:32:39.057997,Dwmatio1,Giannhs,Giorgos,3.001,0.990
2026-01-26T13:32:39.711260,Dwmatio1,Giorgos,Giannhs,1.859,1.543
2026-01-26T13:32:42.059418,Dwmatio1,Giannhs,Giorgos,4.000,0.987
2026-01-26T13:32:42.711085,Dwmatio1,Giorgos,Giannhs,2.001,1.541
2026-01-26T13:32:45.055866,Dwmatio1,Giannhs,Giorgos,3.005,0.981
2026-01-26T13:32:45.712070,Dwmatio1,Giorgos,Giannhs,2.989,1.542
2026-01-26T13:32:48.055964,Dwmatio1,Giannhs,Giorgos,3.009,0.976
2026-01-26T13:32:48.711049,Dwmatio1,Giorgos,Giannhs,1.956,1.542
2026-01-26T13:32:51.056840,Dwmatio1,Giannhs,Giorgos,2.979,0.954
2026-01-26T13:32:51.711038,Dwmatio1,Giorgos,Giannhs,1.845,1.542
2026-01-26T13:32:54.057240,Dwmatio1,Giannhs,Giorgos,4.157,0.960
2026-01-26T13:32:54.711851,Dwmatio1,Giorgos,Giannhs,1.992,1.542
2026-01-26T13:32:57.056195,Dwmatio1,Giannhs,Giorgos,3.162,0.954
2026-01-26T13:32:57.711118,Dwmatio1,Giorgos,Giannhs,1.988,1.542
2026-01-26T13:33:00.055092,Dwmatio1,Giannhs,Giorgos,2.067,0.954
2026-01-26T13:33:00.711019,Dwmatio1,Giorgos,Giannhs,1.991,1.542
2026-01-26T13:33:03.055208,Dwmatio1,Giannhs,Giorgos,2.189,0.953
2026-01-26T13:33:03.711455,Dwmatio1,Giorgos,Giannhs,1.992,1.541
2026-01-26T13:33:06.058035,Dwmatio1,Giannhs,Giorgos,3.000,0.948
2026-01-26T13:33:06.712924,Dwmatio1,Giorgos,Giannhs,1.993,1.541
2026-01-26T13:33:09.054903,Dwmatio1,Giannhs,Giorgos,2.012,0.954
2026-01-26T13:33:09.711127,Dwmatio1,Giorgos,Giannhs,2.024,1.534
2026-01-26T13:33:12.053893,Dwmatio1,Giannhs,Giorgos,1.156,0.973
2026-01-26T13:33:12.710972,Dwmatio1,Giorgos,Giannhs,2.003,1.534
2026-01-26T13:33:15.055931,Dwmatio1,Giannhs,Giorgos,3.007,0.968
2026-01-26T13:33:15.711237,Dwmatio1,Giorgos,Giannhs,0.999,1.540
2026-01-26T13:33:18.060053,Dwmatio1,Giannhs,Giorgos,3.998,0.968
2026-01-26T13:33:18.711851,Dwmatio1,Giorgos,Giannhs,2.001,1.539
2026-01-26T13:33:21.058009,Dwmatio1,Giannhs,Giorgos,3.000,0.968
2026-01-26T13:33:21.711440,Dwmatio1,Giorgos,Giannhs,2.025,1.539
2026-01-26T13:33:24.056211,Dwmatio1,Giannhs,Giorgos,3.014,0.963
2026-01-26T13:33:24.710516,Dwmatio1,Giorgos,Giannhs,1.855,1.539
2026-01-26T13:33:27.056883,Dwmatio1,Giannhs,Giorgos,3.001,0.963
2026-01-26T13:33:27.711816,Dwmatio1,Giorgos,Giannhs,1.999,1.539
2026-01-26T13:33:30.058267,Dwmatio1,Giannhs,Giorgos,3.954,0.967
2026-01-26T13:33:30.710961,Dwmatio1,Giorgos,Giannhs,1.997,1.539
2026-01-26T13:33:33.057125,Dwmatio1,Giannhs,Giorgos,2.997,0.961
2026-01-26T13:33:33.711417,Dwmatio1,Giorgos,Giannhs,1.991,1.539
2026-01-26T13:33:36.055149,Dwmatio1,Giannhs,Giorgos,2.034,0.962
2026-01-26T13:33:36.710416,Dwmatio1,Giorgos,Giannhs,1.836,1.535
2026-01-26T13:33:39.054897,Dwmatio1,Giannhs,Giorgos,1.034,0.978
2026-01-26T13:33:39.715399,Dwmatio1,Giorgos,Giannhs,6.346,1.587
2026-01-26T13:33:42.055965,Dwmatio1,Giannhs,Giorgos,2.034,0.978
2026-01-26T13:33:42.710969,Dwmatio1,Giorgos,Giannhs,1.969,1.587
2026-01-26T13:33:45.056410,Dwmatio1,Giannhs,Giorgos,1.000,0.995
2026-01-26T13:33:45.711024,Dwmatio1,Giorgos,Giannhs,1.989,1.582
2026-01-26T13:33:48.058049,Dwmatio1,Giannhs,Giorgos,3.000,0.989
2026-01-26T13:33:48.711419,Dwmatio1,Giorgos,Giannhs,1.991,1.580
2026-01-26T13:33:51.056867,Dwmatio1,Giannhs,Giorgos,3.000,0.984
2026-01-26T13:33:51.711342,Dwmatio1,Giorgos,Giannhs,2.000,1.580
2026-01-26T13:33:54.054801,Dwmatio1,Giannhs,Giorgos,2.035,0.983
2026-01-26T13:33:54.712999,Dwmatio1,Giorgos,Giannhs,2.904,1.580
2026-01-26T13:33:57.056095,Dwmatio1,Giannhs,Giorgos,2.000,0.989
2026-01-26T13:33:57.711979,Dwmatio1,Giorgos,Giannhs,2.683,1.581
2026-01-26T13:34:00.055994,Dwmatio1,Giannhs,Giorgos,2.002,0.993
2026-01-26T13:34:00.711771,Dwmatio1,Giorgos,Giannhs,1.992,1.581
2026-01-26T13:34:03.056648,Dwmatio1,Giannhs,Giorgos,3.339,0.987
2026-01-26T13:34:03.711820,Dwmatio1,Giorgos,Giannhs,1.991,1.580
2026-01-26T13:34:06.056767,Dwmatio1,Giannhs,Giorgos,1.999,0.993
2026-01-26T13:34:06.711089,Dwmatio1,Giorgos,Giannhs,1.996,1.580
2026-01-26T13:34:09.058832,Dwmatio1,Giannhs,Giorgos,2.997,0.993
2026-01-26T13:34:09.711649,Dwmatio1,Giorgos,Giannhs,1.992,1.580
2026-01-26T13:34:12.055656,Dwmatio1,Giannhs,Giorgos,2.011,0.999
2026-01-26T13:34:12.711250,Dwmatio1,Giorgos,Giannhs,1.998,1.574
2026-01-26T13:34:15.056828,Dwmatio1,Giannhs,Giorgos,1.971,1.004
2026-01-26T13:34:15.712900,Dwmatio1,Giorgos,Giannhs,1.001,1.579
2026-01-26T13:34:18.056135,Dwmatio1,Giannhs,Giorgos,2.002,1.010
2026-01-26T13:34:18.711960,Dwmatio1,Giorgos,Giannhs,2.829,1.579
2026-01-26T13:34:21.055823,Dwmatio1,Giannhs,Giorgos,2.244,1.013
2026-01-26T13:34:21.711092,Dwmatio1,Giorgos,Giannhs,1.865,1.579
2026-01-26T13:34:24.055543,Dwmatio1,Giannhs,Giorgos,1.975,1.012
2026-01-26T13:34:24.712671,Dwmatio1,Giorgos,Giannhs,1.992,1.579
2026-01-26T13:34:27.054574,Dwmatio1,Giannhs,Giorgos,2.011,1.017
2026-01-26T13:34:27.711305,Dwmatio1,Giorgos,Giannhs,1.970,1.579
2026-01-26T13:34:30.056779,Dwmatio1,Giannhs,Giorgos,2.003,1.003
2026-01-26T13:34:30.711229,Dwmatio1,Giorgos,Giannhs,1.837,1.579
2026-01-26T13:34:33.056307,Dwmatio1,Giannhs,Giorgos,2.004,1.003
2026-01-26T13:34:33.713207,Dwmatio1,Giorgos,Giannhs,2.508,1.578
2026-01-26T13:34:36.054807,Dwmatio1,Giannhs,Giorgos,2.006,1.008
2026-01-26T13:34:36.711910,Dwmatio1,Giorgos,Giannhs,1.960,1.578
2026-01-26T13:34:39.055822,Dwmatio1,Giannhs,Giorgos,2.015,1.008
2026-01-26T13:34:39.711176,Dwmatio1,Giorgos,Giannhs,1.958,1.578
2026-01-26T13:34:42.059187,Dwmatio1,Giannhs,Giorgos,4.993,1.023
2026-01-26T13:34:42.711848,Dwmatio1,Giorgos,Giannhs,2.032,1.578
2026-01-26T13:34:45.056317,Dwmatio1,Giannhs,Giorgos,2.000,1.023
2026-01-26T13:34:45.713293,Dwmatio1,Giorgos,Giannhs,2.847,1.578
2026-01-26T13:34:48.055029,Dwmatio1,Giannhs,Giorgos,2.554,1.022
2026-01-26T13:34:48.711796,Dwmatio1,Giorgos,Giannhs,1.992,1.578
2026-01-26T13:34:51.058707,Dwmatio1,Giannhs,Giorgos,2.999,1.022
2026-01-26T13:34:51.712671,Dwmatio1,Giorgos,Giannhs,1.991,1.577
2026-01-26T13:34:54.056078,Dwmatio1,Giannhs,Giorgos,1.994,1.026
2026-01-26T13:34:54.711647,Dwmatio1,Giorgos,Giannhs,0.992,1.583
2026-01-26T13:34:57.056043,Dwmatio1,Giannhs,Giorgos,1.997,1.030
2026-01-26T13:34:57.711883,Dwmatio1,Giorgos,Giannhs,1.993,1.583
2026-01-26T13:35:00.056127,Dwmatio1,Giannhs,Giorgos,1.998,1.030
2026-01-26T13:35:00.711670,Dwmatio1,Giorgos,Giannhs,1.992,1.582
2026-01-26T13:35:03.054706,Dwmatio1,Giannhs,Giorgos,2.049,1.034
2026-01-26T13:35:03.711076,Dwmatio1,Giorgos,Giannhs,2.000,1.582
2026-01-26T13:35:06.054995,Dwmatio1,Giannhs,Giorgos,2.101,1.033
2026-01-26T13:35:06.713310,Dwmatio1,Giorgos,Giannhs,2.990,1.583
2026-01-26T13:35:09.055753,Dwmatio1,Giannhs,Giorgos,2.178,1.029
2026-01-26T13:35:09.711709,Dwmatio1,Giorgos,Giannhs,1.975,1.582
2026-01-26T13:35:12.057364,Dwmatio1,Giannhs,Giorgos,2.998,0.891
2026-01-26T13:35:12.710950,Dwmatio1,Giorgos,Giannhs,1.001,1.587
2026-01-26T13:35:15.056194,Dwmatio1,Giannhs,Giorgos,3.008,0.887
2026-01-26T13:35:15.711816,Dwmatio1,Giorgos,Giannhs,1.988,1.587
2026-01-26T13:35:18.055172,Dwmatio1,Giannhs,Giorgos,2.029,0.887
2026-01-26T13:35:18.711106,Dwmatio1,Giorgos,Giannhs,2.000,1.583
2026-01-26T13:35:21.056853,Dwmatio1,Giannhs,Giorgos,2.964,0.828
2026-01-26T13:35:21.711970,Dwmatio1,Giorgos,Giannhs,2.865,1.584
2026-01-26T13:35:24.057571,Dwmatio1,Giannhs,Giorgos,2.541,0.828
2026-01-26T13:35:24.711452,Dwmatio1,Giorgos,Giannhs,2.000,1.576
2026-01-26T13:35:27.055907,Dwmatio1,Giannhs,Giorgos,2.002,0.832
2026-01-26T13:35:27.711104,Dwmatio1,Giorgos,Giannhs,1.964,1.576
2026-01-26T13:35:30.054843,Dwmatio1,Giannhs,Giorgos,1.036,0.841
2026-01-26T13:35:30.712770,Dwmatio1,Giorgos,Giannhs,1.989,1.575
2026-01-26T13:35:33.055732,Dwmatio1,Giannhs,Giorgos,3.230,0.842
2026-01-26T13:35:33.713227,Dwmatio1,Giorgos,Giannhs,2.000,1.575
2026-01-26T13:35:36.054721,Dwmatio1,Giannhs,Giorgos,2.012,0.836
2026-01-26T13:35:36.711722,Dwmatio1,Giorgos,Giannhs,1.994,1.575
2026-01-26T13:35:39.054793,Dwmatio1,Giannhs,Giorgos,2.094,0.835
2026-01-26T13:35:39.711594,Dwmatio1,Giorgos,Giannhs,1.989,1.574
2026-01-26T13:35:42.056774,Dwmatio1,Giannhs,Giorgos,1.999,0.823
2026-01-26T13:35:42.711430,Dwmatio1,Giorgos,Giannhs,2.000,0.781
2026-01-26T13:35:45.054748,Dwmatio1,Giannhs,Giorgos,2.009,0.826
2026-01-26T13:35:45.712928,Dwmatio1,Giorgos,Giannhs,2.993,0.776
2026-01-26T13:35:48.054781,Dwmatio1,Giannhs,Giorgos,2.090,0.828
2026-01-26T13:35:48.711796,Dwmatio1,Giorgos,Giannhs,2.825,0.778
2026-01-26T13:35:51.057091,Dwmatio1,Giannhs,Giorgos,1.999,0.829
2026-01-26T13:35:51.711718,Dwmatio1,Giorgos,Giannhs,1.992,0.776
2026-01-26T13:35:54.055445,Dwmatio1,Giannhs,Giorgos,1.000,0.834
2026-01-26T13:35:54.712428,Dwmatio1,Giorgos,Giannhs,1.505,0.778
2026-01-26T13:35:57.055562,Dwmatio1,Giannhs,Giorgos,2.047,0.825
2026-01-26T13:35:57.710910,Dwmatio1,Giorgos,Giannhs,1.001,0.784
2026-01-26T13:36:00.056543,Dwmatio1,Giannhs,Giorgos,1.998,0.827
2026-01-26T13:36:00.711731,Dwmatio1,Giorgos,Giannhs,2.001,0.775
2026-01-26T13:36:03.057824,Dwmatio1,Giannhs,Giorgos,3.000,0.816
2026-01-26T13:36:03.711752,Dwmatio1,Giorgos,Giannhs,1.986,0.775
2026-01-26T13:36:06.055859,Dwmatio1,Giannhs,Giorgos,2.002,0.807
2026-01-26T13:36:06.710989,Dwmatio1,Giorgos,Giannhs,2.000,0.775
2026-01-26T13:36:09.055984,Dwmatio1,Giannhs,Giorgos,2.004,0.807
2026-01-26T13:36:09.712517,Dwmatio1,Giorgos,Giannhs,1.615,0.776
2026-01-26T13:36:12.054808,Dwmatio1,Giannhs,Giorgos,2.007,0.793
2026-01-26T13:36:12.712713,Dwmatio1,Giorgos,Giannhs,2.037,0.776
2026-01-26T13:36:15.056869,Dwmatio1,Giannhs,Giorgos,1.002,0.809
2026-01-26T13:36:15.711236,Dwmatio1,Giorgos,Giannhs,1.999,0.776
2026-01-26T13:36:18.055394,Dwmatio1,Giannhs,Giorgos,2.004,0.809
2026-01-26T13:36:18.710930,Dwmatio1,Giorgos,Giannhs,0.992,0.785
2026-01-26T13:36:21.054940,Dwmatio1,Giannhs,Giorgos,1.203,0.808
2026-01-26T13:36:21.711718,Dwmatio1,Giorgos,Giannhs,1.990,0.766
2026-01-26T13:36:24.055802,Dwmatio1,Giannhs,Giorgos,2.002,0.808
2026-01-26T13:36:24.711551,Dwmatio1,Giorgos,Giannhs,2.001,0.766
2026-01-26T13:36:27.056547,Dwmatio1,Giannhs,Giorgos,2.000,0.809
2026-01-26T13:36:27.712319,Dwmatio1,Giorgos,Giannhs,2.000,0.766
2026-01-26T13:36:30.054868,Dwmatio1,Giannhs,Giorgos,2.273,0.793
2026-01-26T13:36:30.712375,Dwmatio1,Giorgos,Giannhs,2.507,0.767
2026-01-26T13:36:33.060026,Dwmatio1,Giannhs,Giorgos,5.991,0.860
2026-01-26T13:36:33.712645,Dwmatio1,Giorgos,Giannhs,2.006,0.767
2026-01-26T13:36:36.055735,Dwmatio1,Giannhs,Giorgos,1.000,0.861
2026-01-26T13:36:36.712392,Dwmatio1,Giorgos,Giannhs,2.493,0.764
2026-01-26T13:36:39.053813,Dwmatio1,Giannhs,Giorgos,1.034,0.873
2026-01-26T13:36:39.711749,Dwmatio1,Giorgos,Giannhs,1.998,0.764
2026-01-26T13:36:42.055454,Dwmatio1,Giannhs,Giorgos,1.000,0.884
2026-01-26T13:36:42.712642,Dwmatio1,Giorgos,Giannhs,1.968,0.741
2026-01-26T13:36:45.055868,Dwmatio1,Giannhs,Giorgos,1.998,0.884
2026-01-26T13:36:45.711591,Dwmatio1,Giorgos,Giannhs,2.003,0.672
2026-01-26T13:36:48.054854,Dwmatio1,Giannhs,Giorgos,2.010,0.872
2026-01-26T13:36:48.712693,Dwmatio1,Giorgos,Giannhs,2.000,0.672
2026-01-26T13:36:51.054871,Dwmatio1,Giannhs,Giorgos,2.010,0.871
2026-01-26T13:36:51.712706,Dwmatio1,Giorgos,Giannhs,1.000,0.681
2026-01-26T13:36:54.054443,Dwmatio1,Giannhs,Giorgos,0.994,0.882
2026-01-26T13:36:54.711645,Dwmatio1,Giorgos,Giannhs,1.839,0.636
2026-01-26T13:36:57.056308,Dwmatio1,Giannhs,Giorgos,1.998,0.869
2026-01-26T13:36:57.713213,Dwmatio1,Giorgos,Giannhs,2.995,0.642
2026-01-26T13:37:00.054342,Dwmatio1,Giannhs,Giorgos,2.006,0.868
2026-01-26T13:37:00.712606,Dwmatio1,Giorgos,Giannhs,2.541,0.644
2026-01-26T13:37:03.056429,Dwmatio1,Giannhs,Giorgos,1.999,0.866
2026-01-26T13:37:03.710821,Dwmatio1,Giorgos,Giannhs,0.998,0.637
2026-01-26T13:37:06.056049,Dwmatio1,Giannhs,Giorgos,2.000,0.866
2026-01-26T13:37:06.712338,Dwmatio1,Giorgos,Giannhs,3.000,0.615
2026-01-26T13:37:09.056756,Dwmatio1,Giannhs,Giorgos,1.000,0.876
2026-01-26T13:37:09.711737,Dwmatio1,Giorgos,Giannhs,2.000,0.615
2026-01-26T13:37:12.055834,Dwmatio1,Giannhs,Giorgos,2.357,0.874
2026-01-26T13:37:12.711030,Dwmatio1,Giorgos,Giannhs,2.000,0.615
2026-01-26T13:37:15.054915,Dwmatio1,Giannhs,Giorgos,2.012,0.872
2026-01-26T13:37:15.712404,Dwmatio1,Giorgos,Giannhs,2.496,0.616
2026-01-26T13:37:18.056336,Dwmatio1,Giannhs,Giorgos,3.000,0.872
2026-01-26T13:37:18.712707,Dwmatio1,Giorgos,Giannhs,1.000,0.625
2026-01-26T13:37:21.055696,Dwmatio1,Giannhs,Giorgos,2.079,0.856
2026-01-26T13:37:21.711456,Dwmatio1,Giorgos,Giannhs,1.981,0.625
2026-01-26T13:37:24.055857,Dwmatio1,Giannhs,Giorgos,1.999,0.854
2026-01-26T13:37:24.711178,Dwmatio1,Giorgos,Giannhs,0.998,0.633
2026-01-26T13:37:27.056220,Dwmatio1,Giannhs,Giorgos,3.030,0.855
2026-01-26T13:37:27.712146,Dwmatio1,Giorgos,Giannhs,3.003,0.641
2026-01-26T13:37:30.054848,Dwmatio1,Giannhs,Giorgos,2.097,0.839
2026-01-26T13:37:30.711683,Dwmatio1,Giorgos,Giannhs,1.971,0.640
2026-01-26T13:37:33.054699,Dwmatio1,Giannhs,Giorgos,2.145,0.836
2026-01-26T13:37:33.711479,Dwmatio1,Giorgos,Giannhs,2.036,0.640
2026-01-26T13:37:36.054745,Dwmatio1,Giannhs,Giorgos,2.234,0.833
2026-01-26T13:37:36.712592,Dwmatio1,Giorgos,Giannhs,3.502,0.656
2026-01-26T13:37:39.054699,Dwmatio1,Giannhs,Giorgos,2.052,0.831
2026-01-26T13:37:39.710925,Dwmatio1,Giorgos,Giannhs,1.505,0.658
2026-01-26T13:37:42.054682,Dwmatio1,Giannhs,Giorgos,2.135,0.813
2026-01-26T13:37:42.711417,Dwmatio1,Giorgos,Giannhs,1.997,0.658
2026-01-26T13:37:45.055907,Dwmatio1,Giannhs,Giorgos,2.201,0.810
2026-01-26T13:37:45.712905,Dwmatio1,Giorgos,Giannhs,2.000,0.652
2026-01-26T13:37:48.054819,Dwmatio1,Giannhs,Giorgos,2.251,0.806
2026-01-26T13:37:48.712221,Dwmatio1,Giorgos,Giannhs,2.504,0.653
2026-01-26T13:37:51.055689,Dwmatio1,Giannhs,Giorgos,3.136,0.808
2026-01-26T13:37:51.712676,Dwmatio1,Giorgos,Giannhs,2.003,0.653
2026-01-26T13:37:54.056609,Dwmatio1,Giannhs,Giorgos,1.999,0.785
2026-01-26T13:37:54.712632,Dwmatio1,Giorgos,Giannhs,3.498,0.668
2026-01-26T13:37:57.055342,Dwmatio1,Giannhs,Giorgos,1.876,0.780
2026-01-26T13:37:57.712891,Dwmatio1,Giorgos,Giannhs,3.000,0.675
2026-01-26T13:38:00.054400,Dwmatio1,Giannhs,Giorgos,0.999,0.790
2026-01-26T13:38:00.713294,Dwmatio1,Giorgos,Giannhs,1.504,0.677
2026-01-26T13:38:03.054696,Dwmatio1,Giannhs,Giorgos,2.237,0.790
2026-01-26T13:38:03.712261,Dwmatio1,Giorgos,Giannhs,2.998,0.683
2026-01-26T13:38:06.054828,Dwmatio1,Giannhs,Giorgos,2.006,0.786
2026-01-26T13:38:06.712208,Dwmatio1,Giorgos,Giannhs,2.995,0.689
2026-01-26T13:38:09.056820,Dwmatio1,Giannhs,Giorgos,1.506,0.789
2026-01-26T13:38:09.711665,Dwmatio1,Giorgos,Giannhs,2.001,0.689
2026-01-26T13:38:12.055371,Dwmatio1,Giannhs,Giorgos,1.997,0.782
2026-01-26T13:38:12.712836,Dwmatio1,Giorgos,Giannhs,2.000,0.689
2026-01-26T13:38:15.054639,Dwmatio1,Giannhs,Giorgos,1.268,0.784
2026-01-26T13:38:15.712671,Dwmatio1,Giorgos,Giannhs,2.001,0.680
2026-01-26T13:38:18.054583,Dwmatio1,Giannhs,Giorgos,2.182,0.763
2026-01-26T13:38:18.712224,Dwmatio1,Giorgos,Giannhs,2.507,0.681
2026-01-26T13:38:21.055629,Dwmatio1,Giannhs,Giorgos,3.101,0.764
2026-01-26T13:38:21.713656,Dwmatio1,Giorgos,Giannhs,3.106,0.688
2026-01-26T13:38:24.054665,Dwmatio1,Giannhs,Giorgos,2.098,0.759
2026-01-26T13:38:24.712950,Dwmatio1,Giorgos,Giannhs,2.963,0.692
2026-01-26T13:38:27.054895,Dwmatio1,Giannhs,Giorgos,2.308,0.755
2026-01-26T13:38:27.713455,Dwmatio1,Giorgos,Giannhs,2.507,0.693
2026-01-26T13:38:30.054699,Dwmatio1,Giannhs,Giorgos,2.099,0.733
2026-01-26T13:38:30.713282,Dwmatio1,Giorgos,Giannhs,3.111,0.700
2026-01-26T13:38:33.055651,Dwmatio1,Giannhs,Giorgos,1.992,0.728
2026-01-26T13:38:33.712800,Dwmatio1,Giorgos,Giannhs,2.001,0.700
2026-01-26T13:38:36.055621,Dwmatio1,Giannhs,Giorgos,2.017,0.728
2026-01-26T13:38:36.713379,Dwmatio1,Giorgos,Giannhs,3.054,0.705
2026-01-26T13:38:39.055735,Dwmatio1,Giannhs,Giorgos,2.177,0.719
2026-01-26T13:38:39.712377,Dwmatio1,Giorgos,Giannhs,2.991,0.571
2026-01-26T13:38:42.055581,Dwmatio1,Giannhs,Giorgos,2.110,0.719
2026-01-26T13:38:42.713336,Dwmatio1,Giorgos,Giannhs,3.040,0.578
2026-01-26T13:38:45.055820,Dwmatio1,Giannhs,Giorgos,3.035,0.715
2026-01-26T13:38:45.712795,Dwmatio1,Giorgos,Giannhs,3.485,0.593
2026-01-26T13:38:48.054562,Dwmatio1,Giannhs,Giorgos,2.093,0.710
2026-01-26T13:38:48.712916,Dwmatio1,Giorgos,Giannhs,2.511,0.594
2026-01-26T13:38:51.056640,Dwmatio1,Giannhs,Giorgos,1.001,0.714
2026-01-26T13:38:51.712392,Dwmatio1,Giorgos,Giannhs,3.006,0.599
2026-01-26T13:38:54.054711,Dwmatio1,Giannhs,Giorgos,2.165,0.714
2026-01-26T13:38:54.713394,Dwmatio1,Giorgos,Giannhs,3.038,0.601
2026-01-26T13:38:57.056033,Dwmatio1,Giannhs,Giorgos,2.001,0.714
2026-01-26T13:38:57.712265,Dwmatio1,Giorgos,Giannhs,2.964,0.604
2026-01-26T13:39:00.055489,Dwmatio1,Giannhs,Giorgos,3.008,0.719
2026-01-26T13:39:00.712308,Dwmatio1,Giorgos,Giannhs,1.506,0.608
2026-01-26T13:39:03.056651,Dwmatio1,Giannhs,Giorgos,4.174,0.738
2026-01-26T13:39:03.712954,Dwmatio1,Giorgos,Giannhs,2.003,0.608
2026-01-26T13:39:06.054760,Dwmatio1,Giannhs,Giorgos,2.158,0.738
2026-01-26T13:39:06.713566,Dwmatio1,Giorgos,Giannhs,3.072,0.614
2026-01-26T13:39:09.055223,Dwmatio1,Giannhs,Giorgos,1.979,0.733
2026-01-26T13:39:09.713279,Dwmatio1,Giorgos,Giannhs,2.516,0.614
2026-01-26T13:39:12.055350,Dwmatio1,Giannhs,Giorgos,3.007,0.738
2026-01-26T13:39:12.713408,Dwmatio1,Giorgos,Giannhs,3.200,0.622
2026-01-26T13:39:15.055476,Dwmatio1,Giannhs,Giorgos,2.009,0.738
2026-01-26T13:39:15.713404,Dwmatio1,Giorgos,Giannhs,3.072,0.616
2026-01-26T13:39:18.055730,Dwmatio1,Giannhs,Giorgos,2.153,0.738
2026-01-26T13:39:18.712171,Dwmatio1,Giorgos,Giannhs,2.509,0.614
2026-01-26T13:39:21.054673,Dwmatio1,Giannhs,Giorgos,2.103,0.738
2026-01-26T13:39:21.712988,Dwmatio1,Giorgos,Giannhs,3.501,0.626
2026-01-26T13:39:24.056168,Dwmatio1,Giannhs,Giorgos,2.837,0.741
2026-01-26T13:39:24.712431,Dwmatio1,Giorgos,Giannhs,3.819,0.645
2026-01-26T13:39:27.054655,Dwmatio1,Giannhs,Giorgos,2.112,0.740
2026-01-26T13:39:27.713089,Dwmatio1,Giorgos,Giannhs,4.495,0.682
2026-01-26T13:39:30.054775,Dwmatio1,Giannhs,Giorgos,1.248,0.746
2026-01-26T13:39:30.712910,Dwmatio1,Giorgos,Giannhs,3.508,0.692
2026-01-26T13:39:33.054664,Dwmatio1,Giannhs,Giorgos,2.010,0.746
2026-01-26T13:39:33.713136,Dwmatio1,Giorgos,Giannhs,3.993,0.712
2026-01-26T13:39:36.055650,Dwmatio1,Giannhs,Giorgos,2.010,0.746
2026-01-26T13:39:36.714503,Dwmatio1,Giorgos,Giannhs,5.162,0.766
2026-01-26T13:39:39.056171,Dwmatio1,Giannhs,Giorgos,2.000,0.746
2026-01-26T13:39:39.714565,Dwmatio1,Giorgos,Giannhs,4.093,0.784
2026-01-26T13:39:42.055292,Dwmatio1,Giannhs,Giorgos,2.006,0.689
2026-01-26T13:39:42.713482,Dwmatio1,Giorgos,Giannhs,3.963,0.800
2026-01-26T13:39:45.056254,Dwmatio1,Giannhs,Giorgos,2.001,0.689
2026-01-26T13:39:45.714288,Dwmatio1,Giorgos,Giannhs,4.534,0.827
2026-01-26T13:39:48.056756,Dwmatio1,Giannhs,Giorgos,1.999,0.688
2026-01-26T13:39:48.712731,Dwmatio1,Giorgos,Giannhs,3.373,0.831
2026-01-26T13:39:51.055238,Dwmatio1,Giannhs,Giorgos,2.001,0.682
2026-01-26T13:39:51.713153,Dwmatio1,Giorgos,Giannhs,3.878,0.843
2026-01-26T13:39:54.056258,Dwmatio1,Giannhs,Giorgos,2.807,0.686
2026-01-26T13:39:54.713854,Dwmatio1,Giorgos,Giannhs,2.971,0.832
2026-01-26T13:39:57.055406,Dwmatio1,Giannhs,Giorgos,2.000,0.686
2026-01-26T13:39:57.714638,Dwmatio1,Giorgos,Giannhs,3.279,0.835
2026-01-26T13:40:00.054564,Dwmatio1,Giannhs,Giorgos,2.113,0.686
2026-01-26T13:40:00.713031,Dwmatio1,Giorgos,Giannhs,3.488,0.840
2026-01-26T13:40:03.055144,Dwmatio1,Giannhs,Giorgos,2.003,0.686
2026-01-26T13:40:03.712474,Dwmatio1,Giorgos,Giannhs,3.478,0.844
2026-01-26T13:40:06.054482,Dwmatio1,Giannhs,Giorgos,2.092,0.686
2026-01-26T13:40:06.714336,Dwmatio1,Giorgos,Giannhs,3.092,0.845
2026-01-26T13:40:09.056297,Dwmatio1,Giannhs,Giorgos,3.000,0.691
2026-01-26T13:40:09.713058,Dwmatio1,Giorgos,Giannhs,2.509,0.843
2026-01-26T13:40:12.056491,Dwmatio1,Giannhs,Giorgos,2.037,0.686
2026-01-26T13:40:12.713434,Dwmatio1,Giorgos,Giannhs,2.288,0.829
2026-01-26T13:40:15.054603,Dwmatio1,Giannhs,Giorgos,2.162,0.680
2026-01-26T13:40:15.715749,Dwmatio1,Giorgos,Giannhs,4.679,0.855
2026-01-26T13:40:18.054636,Dwmatio1,Giannhs,Giorgos,2.168,0.680
2026-01-26T13:40:18.712389,Dwmatio1,Giorgos,Giannhs,2.843,0.854
2026-01-26T13:40:21.054833,Dwmatio1,Giannhs,Giorgos,2.181,0.674
2026-01-26T13:40:21.714518,Dwmatio1,Giorgos,Giannhs,5.211,0.894
2026-01-26T13:40:24.055663,Dwmatio1,Giannhs,Giorgos,3.208,0.682
2026-01-26T13:40:24.713962,Dwmatio1,Giorgos,Giannhs,4.499,0.913
2026-01-26T13:40:27.056104,Dwmatio1,Giannhs,Giorgos,1.999,0.682
2026-01-26T13:40:27.714169,Dwmatio1,Giorgos,Giannhs,3.553,0.915
2026-01-26T13:40:30.055142,Dwmatio1,Giannhs,Giorgos,1.989,0.673
2026-01-26T13:40:30.714022,Dwmatio1,Giorgos,Giannhs,3.515,0.917
2026-01-26T13:40:33.055103,Dwmatio1,Giannhs,Giorgos,1.999,0.664
2026-01-26T13:40:33.713205,Dwmatio1,Giorgos,Giannhs,3.000,0.916
2026-01-26T13:40:36.055318,Dwmatio1,Giannhs,Giorgos,2.001,0.664
2026-01-26T13:40:36.714299,Dwmatio1,Giorgos,Giannhs,3.757,0.920
2026-01-26T13:40:39.054772,Dwmatio1,Giannhs,Giorgos,2.290,0.664
2026-01-26T13:40:39.715236,Dwmatio1,Giorgos,Giannhs,5.764,0.969
2026-01-26T13:40:42.054497,Dwmatio1,Giannhs,Giorgos,2.136,0.664
2026-01-26T13:40:42.712348,Dwmatio1,Giorgos,Giannhs,2.970,0.966
2026-01-26T13:40:45.054548,Dwmatio1,Giannhs,Giorgos,2.095,0.664
2026-01-26T13:40:45.714180,Dwmatio1,Giorgos,Giannhs,3.510,0.969
2026-01-26T13:40:48.057305,Dwmatio1,Giannhs,Giorgos,2.511,0.665
2026-01-26T13:40:48.715466,Dwmatio1,Giorgos,Giannhs,4.038,0.978
2026-01-26T13:40:51.055326,Dwmatio1,Giannhs,Giorgos,1.998,0.665
2026-01-26T13:40:51.712037,Dwmatio1,Giorgos,Giannhs,2.998,0.976
2026-01-26T13:40:54.055410,Dwmatio1,Giannhs,Giorgos,2.001,0.656
2026-01-26T13:40:54.713698,Dwmatio1,Giorgos,Giannhs,4.227,0.979
2026-01-26T13:40:57.056381,Dwmatio1,Giannhs,Giorgos,2.000,0.656
2026-01-26T13:40:57.713382,Dwmatio1,Giorgos,Giannhs,3.525,0.966
2026-01-26T13:41:00.056354,Dwmatio1,Giannhs,Giorgos,3.001,0.662
2026-01-26T13:41:00.715308,Dwmatio1,Giorgos,Giannhs,5.818,1.009
2026-01-26T13:41:03.055186,Dwmatio1,Giannhs,Giorgos,2.002,0.656
2026-01-26T13:41:03.714928,Dwmatio1,Giorgos,Giannhs,4.471,1.019
2026-01-26T13:41:06.056087,Dwmatio1,Giannhs,Giorgos,1.881,0.656
2026-01-26T13:41:06.714039,Dwmatio1,Giorgos,Giannhs,4.351,1.026
2026-01-26T13:41:09.055467,Dwmatio1,Giannhs,Giorgos,3.124,0.664
2026-01-26T13:41:09.713130,Dwmatio1,Giorgos,Giannhs,3.882,1.023
2026-01-26T13:41:12.056606,Dwmatio1,Giannhs,Giorgos,3.039,0.670
2026-01-26T13:41:12.712940,Dwmatio1,Giorgos,Giannhs,4.170,1.027
2026-01-26T13:41:15.054641,Dwmatio1,Giannhs,Giorgos,2.260,0.659
2026-01-26T13:41:15.713467,Dwmatio1,Giorgos,Giannhs,4.108,1.030
2026-01-26T13:41:18.055557,Dwmatio1,Giannhs,Giorgos,2.215,0.659
2026-01-26T13:41:18.711945,Dwmatio1,Giorgos,Giannhs,3.352,1.012
2026-01-26T13:41:21.056243,Dwmatio1,Giannhs,Giorgos,2.995,0.657
2026-01-26T13:41:21.710444,Dwmatio1,Giorgos,Giannhs,1.857,1.013
2026-01-26T13:41:24.055309,Dwmatio1,Giannhs,Giorgos,2.002,0.657
2026-01-26T13:41:24.713995,Dwmatio1,Giorgos,Giannhs,4.515,1.020
2026-01-26T13:41:27.055390,Dwmatio1,Giannhs,Giorgos,3.016,0.662
2026-01-26T13:41:27.712588,Dwmatio1,Giorgos,Giannhs,3.608,1.017
2026-01-26T13:41:30.056298,Dwmatio1,Giannhs,Giorgos,2.000,0.662
2026-01-26T13:41:30.713428,Dwmatio1,Giorgos,Giannhs,3.678,1.018
2026-01-26T13:41:33.056490,Dwmatio1,Giannhs,Giorgos,2.955,0.546
2026-01-26T13:41:33.713934,Dwmatio1,Giorgos,Giannhs,4.526,1.024
2026-01-26T13:41:36.057472,Dwmatio1,Giannhs,Giorgos,2.026,0.533
2026-01-26T13:41:36.713893,Dwmatio1,Giorgos,Giannhs,4.375,1.031
2026-01-26T13:41:39.055176,Dwmatio1,Giannhs,Giorgos,2.003,0.521
2026-01-26T13:41:39.713570,Dwmatio1,Giorgos,Giannhs,3.270,1.026
2026-01-26T13:41:42.055008,Dwmatio1,Giannhs,Giorgos,2.043,0.507
2026-01-26T13:41:42.712114,Dwmatio1,Giorgos,Giannhs,3.002,1.020
2026-01-26T13:41:45.055672,Dwmatio1,Giannhs,Giorgos,1.998,0.507
2026-01-26T13:41:45.714862,Dwmatio1,Giorgos,Giannhs,4.217,1.020
2026-01-26T13:41:48.055181,Dwmatio1,Giannhs,Giorgos,2.001,0.507
2026-01-26T13:41:48.713432,Dwmatio1,Giorgos,Giannhs,4.203,1.020
2026-01-26T13:41:51.056430,Dwmatio1,Giannhs,Giorgos,3.001,0.513
2026-01-26T13:41:51.713344,Dwmatio1,Giorgos,Giannhs,3.957,1.000
2026-01-26T13:41:54.055200,Dwmatio1,Giannhs,Giorgos,2.004,0.499
2026-01-26T13:41:54.711134,Dwmatio1,Giorgos,Giannhs,1.831,1.000
2026-01-26T13:41:57.056245,Dwmatio1,Giannhs,Giorgos,2.004,0.499
2026-01-26T13:41:57.713941,Dwmatio1,Giorgos,Giannhs,4.512,1.009
2026-01-26T13:42:00.055122,Dwmatio1,Giannhs,Giorgos,2.001,0.499
2026-01-26T13:42:00.710572,Dwmatio1,Giorgos,Giannhs,1.988,1.014
2026-01-26T13:42:03.058393,Dwmatio1,Giannhs,Giorgos,6.007,0.627
2026-01-26T13:42:03.711861,Dwmatio1,Giorgos,Giannhs,2.058,0.997
2026-01-26T13:42:06.055159,Dwmatio1,Giannhs,Giorgos,1.004,0.638
2026-01-26T13:42:06.712309,Dwmatio1,Giorgos,Giannhs,1.846,1.006
2026-01-26T13:42:09.055107,Dwmatio1,Giannhs,Giorgos,1.997,0.627
2026-01-26T13:42:09.714667,Dwmatio1,Giorgos,Giannhs,3.525,0.999
2026-01-26T13:42:12.055133,Dwmatio1,Giannhs,Giorgos,2.000,0.627
2026-01-26T13:42:12.713643,Dwmatio1,Giorgos,Giannhs,4.333,0.999
2026-01-26T13:42:15.055838,Dwmatio1,Giannhs,Giorgos,1.964,0.627
2026-01-26T13:42:15.712085,Dwmatio1,Giorgos,Giannhs,1.840,1.006
2026-01-26T13:42:18.054992,Dwmatio1,Giannhs,Giorgos,2.001,0.623
2026-01-26T13:42:18.714380,Dwmatio1,Giorgos,Giannhs,4.549,0.990
2026-01-26T13:42:21.055700,Dwmatio1,Giannhs,Giorgos,1.000,0.635
2026-01-26T13:42:21.713218,Dwmatio1,Giorgos,Giannhs,1.993,0.990
2026-01-26T13:42:24.055170,Dwmatio1,Giannhs,Giorgos,2.002,0.635
2026-01-26T13:42:24.711990,Dwmatio1,Giorgos,Giannhs,2.000,0.972
2026-01-26T13:42:27.055132,Dwmatio1,Giannhs,Giorgos,2.000,0.630
2026-01-26T13:42:27.712633,Dwmatio1,Giorgos,Giannhs,3.507,0.972
2026-01-26T13:42:30.058332,Dwmatio1,Giannhs,Giorgos,4.001,0.655
2026-01-26T13:42:30.712223,Dwmatio1,Giorgos,Giannhs,3.041,0.964
2026-01-26T13:42:33.057322,Dwmatio1,Giannhs,Giorgos,2.999,0.659
2026-01-26T13:42:33.713281,Dwmatio1,Giorgos,Giannhs,4.082,0.959
2026-01-26T13:42:36.056808,Dwmatio1,Giannhs,Giorgos,2.003,0.660
2026-01-26T13:42:36.714872,Dwmatio1,Giorgos,Giannhs,3.513,0.959
2026-01-26T13:42:39.055089,Dwmatio1,Giannhs,Giorgos,2.000,0.660
2026-01-26T13:42:39.713900,Dwmatio1,Giorgos,Giannhs,3.379,0.942
2026-01-26T13:42:42.055240,Dwmatio1,Giannhs,Giorgos,2.032,0.660
2026-01-26T13:42:42.713271,Dwmatio1,Giorgos,Giannhs,3.763,0.934
2026-01-26T13:42:45.055528,Dwmatio1,Giannhs,Giorgos,1.996,0.660
2026-01-26T13:42:45.711265,Dwmatio1,Giorgos,Giannhs,1.873,0.936
2026-01-26T13:42:48.054985,Dwmatio1,Giannhs,Giorgos,2.000,0.661
2026-01-26T13:42:48.712161,Dwmatio1,Giorgos,Giannhs,1.507,0.950
2026-01-26T13:42:51.056423,Dwmatio1,Giannhs,Giorgos,2.000,0.655
2026-01-26T13:42:51.713146,Dwmatio1,Giorgos,Giannhs,3.706,0.942
2026-01-26T13:42:54.056212,Dwmatio1,Giannhs,Giorgos,2.000,0.655
2026-01-26T13:42:54.714047,Dwmatio1,Giorgos,Giannhs,3.520,0.942
2026-01-26T13:42:57.055418,Dwmatio1,Giannhs,Giorgos,1.997,0.654
2026-01-26T13:42:57.711194,Dwmatio1,Giorgos,Giannhs,1.828,0.953
2026-01-26T13:43:00.055265,Dwmatio1,Giannhs,Giorgos,2.001,0.643
2026-01-26T13:43:00.711718,Dwmatio1,Giorgos,Giannhs,2.003,0.945
2026-01-26T13:43:03.055205,Dwmatio1,Giannhs,Giorgos,1.976,0.644
2026-01-26T13:43:03.711705,Dwmatio1,Giorgos,Giannhs,2.357,0.949
2026-01-26T13:43:06.055174,Dwmatio1,Giannhs,Giorgos,2.002,0.644
2026-01-26T13:43:06.713197,Dwmatio1,Giorgos,Giannhs,2.885,0.950
2026-01-26T13:43:09.056380,Dwmatio1,Giannhs,Giorgos,2.957,0.643
2026-01-26T13:43:09.711965,Dwmatio1,Giorgos,Giannhs,2.841,0.942
2026-01-26T13:43:12.055051,Dwmatio1,Giannhs,Giorgos,2.002,0.643
2026-01-26T13:43:12.711982,Dwmatio1,Giorgos,Giannhs,1.004,0.961
2026-01-26T13:43:15.056860,Dwmatio1,Giannhs,Giorgos,1.998,0.636
2026-01-26T13:43:15.711722,Dwmatio1,Giorgos,Giannhs,2.354,0.957
2026-01-26T13:43:18.056471,Dwmatio1,Giannhs,Giorgos,1.997,0.637
2026-01-26T13:43:18.711752,Dwmatio1,Giorgos,Giannhs,2.356,0.958
2026-01-26T13:43:21.055263,Dwmatio1,Giannhs,Giorgos,2.000,0.631
2026-01-26T13:43:21.712402,Dwmatio1,Giorgos,Giannhs,2.514,0.961
2026-01-26T13:43:24.056840,Dwmatio1,Giannhs,Giorgos,2.965,0.635
2026-01-26T13:43:24.712780,Dwmatio1,Giorgos,Giannhs,3.053,0.961
2026-01-26T13:43:27.056115,Dwmatio1,Giannhs,Giorgos,3.000,0.640
2026-01-26T13:43:27.712333,Dwmatio1,Giorgos,Giannhs,2.001,0.966
2026-01-26T13:43:30.056899,Dwmatio1,Giannhs,Giorgos,1.000,0.652
2026-01-26T13:43:30.712792,Dwmatio1,Giorgos,Giannhs,2.342,0.971
2026-01-26T13:43:33.055045,Dwmatio1,Giannhs,Giorgos,2.000,0.652
2026-01-26T13:43:33.710559,Dwmatio1,Giorgos,Giannhs,1.820,0.973
2026-01-26T13:43:36.056135,Dwmatio1,Giannhs,Giorgos,1.998,0.652
2026-01-26T13:43:36.713533,Dwmatio1,Giorgos,Giannhs,3.463,0.973
2026-01-26T13:43:39.056325,Dwmatio1,Giannhs,Giorgos,2.001,0.652
2026-01-26T13:43:39.712255,Dwmatio1,Giorgos,Giannhs,1.666,0.986
2026-01-26T13:43:42.056054,Dwmatio1,Giannhs,Giorgos,2.001,0.653
2026-01-26T13:43:42.711915,Dwmatio1,Giorgos,Giannhs,2.512,0.989
2026-01-26T13:43:45.056887,Dwmatio1,Giannhs,Giorgos,1.999,0.648
2026-01-26T13:43:45.711123,Dwmatio1,Giorgos,Giannhs,2.511,0.992
2026-01-26T13:43:48.055007,Dwmatio1,Giannhs,Giorgos,2.000,0.648
2026-01-26T13:43:48.712307,Dwmatio1,Giorgos,Giannhs,2.332,0.993
2026-01-26T13:43:51.054805,Dwmatio1,Giannhs,Giorgos,1.982,0.637
2026-01-26T13:43:51.710961,Dwmatio1,Giorgos,Giannhs,1.843,1.003
2026-01-26T13:43:54.055120,Dwmatio1,Giannhs,Giorgos,1.997,0.637
2026-01-26T13:43:54.711753,Dwmatio1,Giorgos,Giannhs,2.666,1.004
2026-01-26T13:43:57.056798,Dwmatio1,Giannhs,Giorgos,1.028,0.648
2026-01-26T13:43:57.712796,Dwmatio1,Giorgos,Giannhs,2.036,1.011
2026-01-26T13:44:00.056061,Dwmatio1,Giannhs,Giorgos,3.004,0.648
2026-01-26T13:44:00.710109,Dwmatio1,Giorgos,Giannhs,0.854,1.025
2026-01-26T13:44:03.054991,Dwmatio1,Giannhs,Giorgos,2.003,0.618
2026-01-26T13:44:03.711919,Dwmatio1,Giorgos,Giannhs,2.518,1.020
2026-01-26T13:44:06.055254,Dwmatio1,Giannhs,Giorgos,1.999,0.619
2026-01-26T13:44:06.711759,Dwmatio1,Giorgos,Giannhs,2.381,1.023
2026-01-26T13:44:09.055482,Dwmatio1,Giannhs,Giorgos,0.994,0.630
2026-01-26T13:44:09.711711,Dwmatio1,Giorgos,Giannhs,1.989,1.028
2026-01-26T13:44:12.055701,Dwmatio1,Giannhs,Giorgos,1.999,0.625
2026-01-26T13:44:12.712096,Dwmatio1,Giorgos,Giannhs,1.838,1.037
2026-01-26T13:44:15.056670,Dwmatio1,Giannhs,Giorgos,2.000,0.625
2026-01-26T13:44:15.712296,Dwmatio1,Giorgos,Giannhs,1.506,1.051
2026-01-26T13:44:18.056622,Dwmatio1,Giannhs,Giorgos,2.000,0.625
2026-01-26T13:44:18.712022,Dwmatio1,Giorgos,Giannhs,3.030,1.049
2026-01-26T13:44:21.055034,Dwmatio1,Giannhs,Giorgos,2.002,0.625
2026-01-26T13:44:21.711886,Dwmatio1,Giorgos,Giannhs,2.006,1.055
2026-01-26T13:44:24.055690,Dwmatio1,Giannhs,Giorgos,2.034,0.622
2026-01-26T13:44:24.711635,Dwmatio1,Giorgos,Giannhs,2.354,1.057
2026-01-26T13:44:27.055059,Dwmatio1,Giannhs,Giorgos,2.000,0.622
2026-01-26T13:44:27.712709,Dwmatio1,Giorgos,Giannhs,3.055,1.048
2026-01-26T13:44:30.055980,Dwmatio1,Giannhs,Giorgos,1.990,0.616
2026-01-26T13:44:30.713036,Dwmatio1,Giorgos,Giannhs,3.115,1.047
2026-01-26T13:44:33.055027,Dwmatio1,Giannhs,Giorgos,1.998,0.616
2026-01-26T13:44:33.710374,Dwmatio1,Giorgos,Giannhs,1.539,1.056
2026-01-26T13:44:36.055135,Dwmatio1,Giannhs,Giorgos,1.998,0.616
2026-01-26T13:44:36.711835,Dwmatio1,Giorgos,Giannhs,1.002,1.057
2026-01-26T13:44:39.056184,Dwmatio1,Giannhs,Giorgos,0.999,0.627
2026-01-26T13:44:39.712879,Dwmatio1,Giorgos,Giannhs,2.041,1.057
2026-01-26T13:44:42.054952,Dwmatio1,Giannhs,Giorgos,1.998,0.627
2026-01-26T13:44:42.712713,Dwmatio1,Giorgos,Giannhs,3.021,1.053
2026-01-26T13:44:45.056424,Dwmatio1,Giannhs,Giorgos,2.000,0.627
2026-01-26T13:44:45.712023,Dwmatio1,Giorgos,Giannhs,2.945,1.043
2026-01-26T13:44:48.055281,Dwmatio1,Giannhs,Giorgos,1.986,0.627
2026-01-26T13:44:48.712990,Dwmatio1,Giorgos,Giannhs,3.050,1.042
2026-01-26T13:44:51.056109,Dwmatio1,Giannhs,Giorgos,2.999,0.632
2026-01-26T13:44:51.712284,Dwmatio1,Giorgos,Giannhs,2.365,1.041
2026-01-26T13:44:54.055202,Dwmatio1,Giannhs,Giorgos,1.848,0.630
2026-01-26T13:44:54.710254,Dwmatio1,Giorgos,Giannhs,1.665,1.050
2026-01-26T13:44:57.056700,Dwmatio1,Giannhs,Giorgos,1.997,0.630
2026-01-26T13:44:57.711968,Dwmatio1,Giorgos,Giannhs,2.680,1.050
2026-01-26T13:45:00.056884,Dwmatio1,Giannhs,Giorgos,2.000,0.630
2026-01-26T13:45:00.711557,Dwmatio1,Giorgos,Giannhs,0.990,1.067
2026-01-26T13:45:03.054528,Dwmatio1,Giannhs,Giorgos,2.001,0.630
2026-01-26T13:45:03.711605,Dwmatio1,Giorgos,Giannhs,2.539,1.067
2026-01-26T13:45:06.055955,Dwmatio1,Giannhs,Giorgos,2.000,0.630
2026-01-26T13:45:06.711020,Dwmatio1,Giorgos,Giannhs,2.032,1.071
2026-01-26T13:45:09.055021,Dwmatio1,Giannhs,Giorgos,2.000,0.625
2026-01-26T13:45:09.711845,Dwmatio1,Giorgos,Giannhs,2.007,1.074
2026-01-26T13:45:12.055346,Dwmatio1,Giannhs,Giorgos,2.003,0.625
2026-01-26T13:45:12.711934,Dwmatio1,Giorgos,Giannhs,1.964,1.077
2026-01-26T13:45:15.057447,Dwmatio1,Giannhs,Giorgos,4.000,0.651
2026-01-26T13:45:15.711712,Dwmatio1,Giorgos,Giannhs,1.992,1.067
2026-01-26T13:45:18.058915,Dwmatio1,Giannhs,Giorgos,6.011,0.756
2026-01-26T13:45:18.712580,Dwmatio1,Giorgos,Giannhs,2.510,1.067
2026-01-26T13:45:21.055746,Dwmatio1,Giannhs,Giorgos,1.028,0.765
2026-01-26T13:45:21.713430,Dwmatio1,Giorgos,Giannhs,1.505,1.051
2026-01-26T13:45:24.054634,Dwmatio1,Giannhs,Giorgos,2.028,0.758
2026-01-26T13:45:24.711607,Dwmatio1,Giorgos,Giannhs,0.991,1.055
2026-01-26T13:45:27.054615,Dwmatio1,Giannhs,Giorgos,2.004,0.758
2026-01-26T13:45:27.711742,Dwmatio1,Giorgos,Giannhs,1.964,1.056
2026-01-26T13:45:30.055133,Dwmatio1,Giannhs,Giorgos,2.003,0.758
2026-01-26T13:45:30.711648,Dwmatio1,Giorgos,Giannhs,1.992,1.057
2026-01-26T13:45:33.056052,Dwmatio1,Giannhs,Giorgos,2.002,0.758
2026-01-26T13:45:33.710804,Dwmatio1,Giorgos,Giannhs,1.840,1.062
2026-01-26T13:45:36.055829,Dwmatio1,Giannhs,Giorgos,1.964,0.758
2026-01-26T13:45:36.710572,Dwmatio1,Giorgos,Giannhs,1.978,1.060
2026-01-26T13:45:39.055701,Dwmatio1,Giannhs,Giorgos,2.970,0.762
2026-01-26T13:45:39.712796,Dwmatio1,Giorgos,Giannhs,1.842,1.021
2026-01-26T13:45:42.057991,Dwmatio1,Giannhs,Giorgos,4.001,0.783
2026-01-26T13:45:42.711577,Dwmatio1,Giorgos,Giannhs,1.992,1.023
2026-01-26T13:45:45.054991,Dwmatio1,Giannhs,Giorgos,1.962,0.784
2026-01-26T13:45:45.711704,Dwmatio1,Giorgos,Giannhs,2.656,1.020
2026-01-26T13:45:48.056799,Dwmatio1,Giannhs,Giorgos,2.002,0.783
2026-01-26T13:45:48.712473,Dwmatio1,Giorgos,Giannhs,2.166,1.013
2026-01-26T13:45:51.054461,Dwmatio1,Giannhs,Giorgos,1.989,0.783
2026-01-26T13:45:51.710612,Dwmatio1,Giorgos,Giannhs,1.989,1.015
2026-01-26T13:45:54.055581,Dwmatio1,Giannhs,Giorgos,3.000,0.787
2026-01-26T13:45:54.711650,Dwmatio1,Giorgos,Giannhs,1.999,1.006
2026-01-26T13:45:57.056200,Dwmatio1,Giannhs,Giorgos,1.998,0.787
2026-01-26T13:45:57.713159,Dwmatio1,Giorgos,Giannhs,2.019,1.004
2026-01-26T13:46:00.054595,Dwmatio1,Giannhs,Giorgos,2.037,0.783
2026-01-26T13:46:00.712631,Dwmatio1,Giorgos,Giannhs,2.375,0.953
2026-01-26T13:46:03.055039,Dwmatio1,Giannhs,Giorgos,1.945,0.783
2026-01-26T13:46:03.712543,Dwmatio1,Giorgos,Giannhs,2.517,0.934
2026-01-26T13:46:06.055662,Dwmatio1,Giannhs,Giorgos,3.017,0.787
2026-01-26T13:46:06.711598,Dwmatio1,Giorgos,Giannhs,1.991,0.919
2026-01-26T13:46:09.054689,Dwmatio1,Giannhs,Giorgos,1.774,0.783
2026-01-26T13:46:09.711618,Dwmatio1,Giorgos,Giannhs,2.587,0.910
2026-01-26T13:46:12.054829,Dwmatio1,Giannhs,Giorgos,1.999,0.779
2026-01-26T13:46:12.712175,Dwmatio1,Giorgos,Giannhs,2.500,0.896
2026-01-26T13:46:15.056201,Dwmatio1,Giannhs,Giorgos,1.999,0.779
2026-01-26T13:46:15.711611,Dwmatio1,Giorgos,Giannhs,2.325,0.882
2026-01-26T13:46:18.055895,Dwmatio1,Giannhs,Giorgos,1.965,0.779
2026-01-26T13:46:18.712472,Dwmatio1,Giorgos,Giannhs,2.513,0.878
2026-01-26T13:46:21.056863,Dwmatio1,Giannhs,Giorgos,1.002,0.784
2026-01-26T13:46:21.712485,Dwmatio1,Giorgos,Giannhs,2.513,0.875
2026-01-26T13:46:24.054900,Dwmatio1,Giannhs,Giorgos,2.001,0.784
2026-01-26T13:46:24.712577,Dwmatio1,Giorgos,Giannhs,3.350,0.856
2026-01-26T13:46:27.055371,Dwmatio1,Giannhs,Giorgos,2.007,0.779
2026-01-26T13:46:27.711476,Dwmatio1,Giorgos,Giannhs,1.957,0.851
2026-01-26T13:46:30.055711,Dwmatio1,Giannhs,Giorgos,2.829,0.782
2026-01-26T13:46:30.711783,Dwmatio1,Giorgos,Giannhs,2.018,0.844
2026-01-26T13:46:33.054698,Dwmatio1,Giannhs,Giorgos,2.002,0.778
2026-01-26T13:46:33.711670,Dwmatio1,Giorgos,Giannhs,1.543,0.824
2026-01-26T13:46:36.054608,Dwmatio1,Giannhs,Giorgos,1.989,0.778
2026-01-26T13:46:36.711635,Dwmatio1,Giorgos,Giannhs,0.964,0.814
2026-01-26T13:46:39.054970,Dwmatio1,Giannhs,Giorgos,2.001,0.778
2026-01-26T13:46:39.712667,Dwmatio1,Giorgos,Giannhs,2.166,0.810
2026-01-26T13:46:42.055800,Dwmatio1,Giannhs,Giorgos,2.999,0.783
2026-01-26T13:46:42.711453,Dwmatio1,Giorgos,Giannhs,2.496,0.808
2026-01-26T13:46:45.055411,Dwmatio1,Giannhs,Giorgos,2.990,0.787
2026-01-26T13:46:45.712937,Dwmatio1,Giorgos,Giannhs,2.837,0.788
2026-01-26T13:46:48.056760,Dwmatio1,Giannhs,Giorgos,2.002,0.787
2026-01-26T13:46:48.712860,Dwmatio1,Giorgos,Giannhs,3.038,0.770
2026-01-26T13:46:51.055793,Dwmatio1,Giannhs,Giorgos,1.990,0.783
2026-01-26T13:46:51.710836,Dwmatio1,Giorgos,Giannhs,1.869,0.755
2026-01-26T13:46:54.054718,Dwmatio1,Giannhs,Giorgos,1.995,0.783
2026-01-26T13:46:54.711419,Dwmatio1,Giorgos,Giannhs,2.348,0.753
2026-01-26T13:46:57.054886,Dwmatio1,Giannhs,Giorgos,1.999,0.783
2026-01-26T13:46:57.711711,Dwmatio1,Giorgos,Giannhs,1.991,0.722
2026-01-26T13:47:00.056780,Dwmatio1,Giannhs,Giorgos,2.000,0.783
2026-01-26T13:47:00.712637,Dwmatio1,Giorgos,Giannhs,2.930,0.723
2026-01-26T13:47:03.054595,Dwmatio1,Giannhs,Giorgos,1.983,0.680
2026-01-26T13:47:03.712429,Dwmatio1,Giorgos,Giannhs,2.520,0.723
2026-01-26T13:47:06.055961,Dwmatio1,Giannhs,Giorgos,1.001,0.680
2026-01-26T13:47:06.712670,Dwmatio1,Giorgos,Giannhs,2.221,0.721
2026-01-26T13:47:09.056775,Dwmatio1,Giannhs,Giorgos,2.000,0.680
2026-01-26T13:47:09.711658,Dwmatio1,Giorgos,Giannhs,1.975,0.713
2026-01-26T13:47:12.055031,Dwmatio1,Giannhs,Giorgos,2.034,0.680
2026-01-26T13:47:12.712847,Dwmatio1,Giorgos,Giannhs,1.992,0.685
2026-01-26T13:47:15.054844,Dwmatio1,Giannhs,Giorgos,2.000,0.680
2026-01-26T13:47:15.711357,Dwmatio1,Giorgos,Giannhs,1.509,0.688
2026-01-26T13:47:18.054469,Dwmatio1,Giannhs,Giorgos,1.848,0.681
2026-01-26T13:47:18.712754,Dwmatio1,Giorgos,Giannhs,2.027,0.650
2026-01-26T13:47:21.055813,Dwmatio1,Giannhs,Giorgos,1.992,0.671
2026-01-26T13:47:21.712595,Dwmatio1,Giorgos,Giannhs,2.511,0.650
2026-01-26T13:47:24.054356,Dwmatio1,Giannhs,Giorgos,1.974,0.671
2026-01-26T13:47:24.712265,Dwmatio1,Giorgos,Giannhs,2.491,0.650
2026-01-26T13:47:27.055462,Dwmatio1,Giannhs,Giorgos,1.998,0.671
2026-01-26T13:47:27.711426,Dwmatio1,Giorgos,Giannhs,1.972,0.639
2026-01-26T13:47:30.054571,Dwmatio1,Giannhs,Giorgos,1.962,0.645
2026-01-26T13:47:30.713402,Dwmatio1,Giorgos,Giannhs,3.542,0.647
2026-01-26T13:47:33.055817,Dwmatio1,Giannhs,Giorgos,1.000,0.648
2026-01-26T13:47:33.711352,Dwmatio1,Giorgos,Giannhs,1.965,0.622
2026-01-26T13:47:36.054602,Dwmatio1,Giannhs,Giorgos,2.000,0.648
2026-01-26T13:47:36.711329,Dwmatio1,Giorgos,Giannhs,2.007,0.610
2026-01-26T13:47:39.054343,Dwmatio1,Giannhs,Giorgos,2.001,0.648
2026-01-26T13:47:39.712510,Dwmatio1,Giorgos,Giannhs,3.179,0.606
2026-01-26T13:47:42.054599,Dwmatio1,Giannhs,Giorgos,1.994,0.648
2026-01-26T13:47:42.711455,Dwmatio1,Giorgos,Giannhs,2.464,0.587
2026-01-26T13:47:45.055714,Dwmatio1,Giannhs,Giorgos,2.958,0.654
2026-01-26T13:47:45.711637,Dwmatio1,Giorgos,Giannhs,1.991,0.586
2026-01-26T13:47:48.056709,Dwmatio1,Giannhs,Giorgos,3.999,0.680
2026-01-26T13:47:48.711785,Dwmatio1,Giorgos,Giannhs,2.508,0.582
2026-01-26T13:47:51.054686,Dwmatio1,Giannhs,Giorgos,2.001,0.680
2026-01-26T13:47:51.711416,Dwmatio1,Giorgos,Giannhs,2.507,0.564
2026-01-26T13:47:54.054792,Dwmatio1,Giannhs,Giorgos,2.001,0.680
2026-01-26T13:47:54.712869,Dwmatio1,Giorgos,Giannhs,3.517,0.564
2026-01-26T13:47:57.056858,Dwmatio1,Giannhs,Giorgos,1.998,0.680
2026-01-26T13:47:57.714005,Dwmatio1,Giorgos,Giannhs,5.374,0.644
2026-01-26T13:48:00.055920,Dwmatio1,Giannhs,Giorgos,2.001,0.680
2026-01-26T13:48:00.711337,Dwmatio1,Giorgos,Giannhs,1.849,0.645
2026-01-26T13:48:03.054311,Dwmatio1,Giannhs,Giorgos,1.813,0.681
2026-01-26T13:48:03.711393,Dwmatio1,Giorgos,Giannhs,1.873,0.646
2026-01-26T13:48:06.056542,Dwmatio1,Giannhs,Giorgos,3.002,0.686
2026-01-26T13:48:06.711983,Dwmatio1,Giorgos,Giannhs,2.354,0.643
2026-01-26T13:48:09.054767,Dwmatio1,Giannhs,Giorgos,2.004,0.681
2026-01-26T13:48:09.712351,Dwmatio1,Giorgos,Giannhs,2.511,0.641
2026-01-26T13:48:12.054416,Dwmatio1,Giannhs,Giorgos,1.961,0.682
2026-01-26T13:48:12.712279,Dwmatio1,Giorgos,Giannhs,2.512,0.628
2026-01-26T13:48:15.056748,Dwmatio1,Giannhs,Giorgos,2.002,0.682
2026-01-26T13:48:15.710563,Dwmatio1,Giorgos,Giannhs,1.825,0.630
2026-01-26T13:48:18.054734,Dwmatio1,Giannhs,Giorgos,2.026,0.681
2026-01-26T13:48:18.712311,Dwmatio1,Giorgos,Giannhs,1.507,0.635
2026-01-26T13:48:21.054426,Dwmatio1,Giannhs,Giorgos,1.977,0.682
2026-01-26T13:48:21.711825,Dwmatio1,Giorgos,Giannhs,2.348,0.634
2026-01-26T13:48:24.056671,Dwmatio1,Giannhs,Giorgos,3.001,0.682
2026-01-26T13:48:24.711306,Dwmatio1,Giorgos,Giannhs,1.964,0.630
2026-01-26T13:48:27.055928,Dwmatio1,Giannhs,Giorgos,1.858,0.677
2026-01-26T13:48:27.712500,Dwmatio1,Giorgos,Giannhs,1.963,0.630
2026-01-26T13:48:30.056698,Dwmatio1,Giannhs,Giorgos,2.995,0.673
2026-01-26T13:48:30.712316,Dwmatio1,Giorgos,Giannhs,2.547,0.630
2026-01-26T13:48:33.056084,Dwmatio1,Giannhs,Giorgos,2.512,0.674
2026-01-26T13:48:33.712386,Dwmatio1,Giorgos,Giannhs,2.534,0.630
2026-01-26T13:48:36.057255,Dwmatio1,Giannhs,Giorgos,3.998,0.699
2026-01-26T13:48:36.712458,Dwmatio1,Giorgos,Giannhs,2.512,0.618
2026-01-26T13:48:39.054415,Dwmatio1,Giannhs,Giorgos,2.038,0.699
2026-01-26T13:48:39.716756,Dwmatio1,Giorgos,Giannhs,6.262,0.734
2026-01-26T13:48:42.055657,Dwmatio1,Giannhs,Giorgos,3.000,0.703
2026-01-26T13:48:42.711408,Dwmatio1,Giorgos,Giannhs,2.828,0.736
2026-01-26T13:48:45.054553,Dwmatio1,Giannhs,Giorgos,2.004,0.703
2026-01-26T13:48:45.711267,Dwmatio1,Giorgos,Giannhs,1.839,0.737
2026-01-26T13:48:48.054344,Dwmatio1,Giannhs,Giorgos,1.989,0.703
2026-01-26T13:48:48.710444,Dwmatio1,Giorgos,Giannhs,1.833,0.739
2026-01-26T13:48:51.055232,Dwmatio1,Giannhs,Giorgos,1.989,0.703
2026-01-26T13:48:51.712664,Dwmatio1,Giorgos,Giannhs,2.442,0.737
2026-02-01T19:44:25.561008,papap,Jiso,gigi,2.001,0.000
2026-02-01T19:44:25.948674,papap,gigi,Jiso,2.003,0.000
2026-02-01T19:44:28.557793,papap,Jiso,gigi,1.991,0.000
2026-02-01T19:44:28.947976,papap,gigi,Jiso,1.996,0.000
2026-02-01T19:44:31.564908,papap,Jiso,gigi,1.983,0.009
2026-02-01T19:44:31.948168,papap,gigi,Jiso,1.000,0.577
2026-02-01T19:44:34.559458,papap,Jiso,gigi,2.001,0.009
2026-02-01T19:44:35.067445,papap,gigi,Jiso,121.832,60.085
2026-02-01T19:44:37.558810,papap,Jiso,gigi,2.001,0.008
2026-02-01T19:44:37.948047,papap,gigi,Jiso,2.001,53.704
2026-02-01T19:44:40.558289,papap,Jiso,gigi,1.996,0.007
2026-02-01T19:44:40.948385,papap,gigi,Jiso,2.003,49.004
2026-02-01T19:44:43.557508,papap,Jiso,gigi,1.982,0.009
2026-02-01T19:44:43.947639,papap,gigi,Jiso,1.994,45.357
2026-02-01T19:44:46.557995,papap,Jiso,gigi,1.981,0.009
2026-02-01T19:44:46.948007,papap,gigi,Jiso,1.002,42.471
2026-02-01T19:44:49.761936,papap,Jiso,gigi,206.398,68.135
2026-02-01T19:44:49.949523,papap,gigi,Jiso,4.000,39.954
2026-02-01T19:44:52.556418,papap,Jiso,gigi,1.001,64.674
2026-02-01T19:44:52.948406,papap,gigi,Jiso,1.983,37.904
2026-02-01T19:44:55.557883,papap,Jiso,gigi,0.987,61.692
2026-02-01T19:44:55.947915,papap,gigi,Jiso,1.991,36.140
2026-02-01T19:44:58.557688,papap,Jiso,gigi,2.001,59.060
2026-02-01T19:44:58.947758,papap,gigi,Jiso,0.979,34.629
2026-02-01T19:45:01.558393,papap,Jiso,gigi,1.993,56.739
2026-02-01T19:45:01.947666,papap,gigi,Jiso,1.990,33.269
2026-02-01T19:45:04.559414,papap,Jiso,gigi,3.999,54.634
2026-02-01T19:45:04.949500,papap,gigi,Jiso,3.510,32.028
2026-02-01T19:45:07.557815,papap,Jiso,gigi,0.999,52.800
2026-02-01T19:45:07.947654,papap,gigi,Jiso,2.002,30.943
2026-02-01T19:45:10.557579,papap,Jiso,gigi,0.993,51.139
2026-02-01T19:45:10.947965,papap,gigi,Jiso,2.002,29.961
2026-02-01T19:45:13.557041,papap,Jiso,gigi,1.003,49.626
2026-02-01T19:45:13.947485,papap,gigi,Jiso,2.006,29.067
2026-02-01T19:45:16.557673,papap,Jiso,gigi,1.992,48.225
2026-02-01T19:45:16.947971,papap,gigi,Jiso,1.994,28.248
2026-02-01T19:45:19.559387,papap,Jiso,gigi,2.004,46.937
2026-02-01T19:45:19.947735,papap,gigi,Jiso,2.004,27.495
2026-02-01T19:45:22.557691,papap,Jiso,gigi,2.000,45.746
2026-02-01T19:45:22.948097,papap,gigi,Jiso,2.004,26.799
2026-02-01T19:45:25.557851,papap,Jiso,gigi,1.991,44.642
2026-02-01T19:45:25.948265,papap,gigi,Jiso,1.985,26.154
2026-02-01T19:45:28.557641,papap,Jiso,gigi,1.988,43.614
2026-02-01T19:45:28.948159,papap,gigi,Jiso,1.994,25.553
2026-02-01T19:45:31.557821,papap,Jiso,gigi,0.998,42.664
2026-02-01T19:45:31.948010,papap,gigi,Jiso,1.993,24.991
2026-02-01T19:45:34.571855,papap,Jiso,gigi,16.058,41.740
2026-02-01T19:45:34.949443,papap,gigi,Jiso,2.002,24.465
2026-02-01T19:45:37.558367,papap,Jiso,gigi,2.002,40.901
2026-02-01T19:45:37.948181,papap,gigi,Jiso,1.996,23.971
2026-02-01T19:45:40.556866,papap,Jiso,gigi,2.006,40.109
2026-02-01T19:45:40.948362,papap,gigi,Jiso,2.001,23.506
2026-02-01T19:45:43.557544,papap,Jiso,gigi,1.507,39.366
2026-02-01T19:45:43.948363,papap,gigi,Jiso,1.993,23.066
2026-02-01T19:45:46.557450,papap,Jiso,gigi,1.480,38.663
2026-02-01T19:45:46.948238,papap,gigi,Jiso,1.986,22.651
2026-02-01T19:45:49.572366,papap,Jiso,gigi,16.574,37.989
2026-02-01T19:45:49.949902,papap,gigi,Jiso,3.512,22.249
2026-02-01T19:45:52.557673,papap,Jiso,gigi,1.988,37.356
2026-02-01T19:45:52.948019,papap,gigi,Jiso,1.983,21.875
2026-02-01T19:45:55.558088,papap,Jiso,gigi,0.988,36.760
2026-02-01T19:45:55.948101,papap,gigi,Jiso,2.000,21.520
2026-02-01T19:45:58.557423,papap,Jiso,gigi,0.988,36.193
2026-02-01T19:45:58.947678,papap,gigi,Jiso,1.991,21.182
2026-02-01T19:46:01.557501,papap,Jiso,gigi,0.984,35.650
2026-02-01T19:46:01.949825,papap,gigi,Jiso,3.506,20.852
2026-02-01T19:46:04.573172,papap,Jiso,gigi,16.568,35.131
2026-02-01T19:46:04.949624,papap,gigi,Jiso,3.510,20.537
2026-02-01T19:46:07.556468,papap,Jiso,gigi,1.000,34.637
2026-02-01T19:46:07.949699,papap,gigi,Jiso,3.509,20.236
2026-02-01T19:46:10.557481,papap,Jiso,gigi,1.988,34.158
2026-02-01T19:46:10.947479,papap,gigi,Jiso,1.992,19.954
2026-02-01T19:46:13.558086,papap,Jiso,gigi,1.982,33.698
2026-02-01T19:46:13.948408,papap,gigi,Jiso,2.001,19.683
2026-02-01T19:46:16.557672,papap,Jiso,gigi,1.981,33.256
2026-02-01T19:46:16.947606,papap,gigi,Jiso,1.992,19.423
2026-02-01T19:46:19.701291,papap,Jiso,gigi,41.106,33.234
2026-02-01T19:46:19.949402,papap,gigi,Jiso,3.510,19.168
2026-02-01T19:46:22.559499,papap,Jiso,gigi,2.001,32.824
2026-02-01T19:46:22.949091,papap,gigi,Jiso,3.004,18.924
2026-02-01T19:46:25.558161,papap,Jiso,gigi,2.001,32.429
2026-02-01T19:46:25.947409,papap,gigi,Jiso,1.981,18.693
2026-02-01T19:46:28.556700,papap,Jiso,gigi,1.001,32.054
2026-02-01T19:46:28.949476,papap,gigi,Jiso,2.001,18.470
2026-02-01T19:46:31.558348,papap,Jiso,gigi,1.991,31.686
2026-02-01T19:46:31.947773,papap,gigi,Jiso,2.000,18.255
2026-02-01T19:46:34.639115,papap,Jiso,gigi,83.238,33.284
2026-02-01T19:46:34.951198,papap,gigi,Jiso,4.517,18.042
2026-02-01T19:46:37.558312,papap,Jiso,gigi,2.004,32.926
2026-02-01T19:46:37.948448,papap,gigi,Jiso,2.004,17.841
2026-02-01T19:46:40.558095,papap,Jiso,gigi,2.001,32.579
2026-02-01T19:46:40.948161,papap,gigi,Jiso,2.000,17.647
2026-02-01T19:46:43.557504,papap,Jiso,gigi,0.982,32.249
2026-02-01T19:46:43.947698,papap,gigi,Jiso,1.992,17.459
2026-02-01T19:46:46.558036,papap,Jiso,gigi,1.999,31.923
2026-02-01T19:46:46.948102,papap,gigi,Jiso,2.002,17.277
2026-02-01T19:46:49.649225,papap,Jiso,gigi,93.792,33.809
2026-02-01T19:46:49.949616,papap,gigi,Jiso,3.520,17.097
2026-02-01T19:46:52.557700,papap,Jiso,gigi,0.992,33.493
2026-02-01T19:46:52.947716,papap,gigi,Jiso,1.998,16.926
2026-02-01T19:46:55.557137,papap,Jiso,gigi,0.979,33.186
2026-02-01T19:46:55.947560,papap,gigi,Jiso,2.003,16.760
2026-02-01T19:46:58.557106,papap,Jiso,gigi,1.000,32.887
2026-02-01T19:46:58.947765,papap,gigi,Jiso,1.986,16.599
2026-02-01T19:47:01.557739,papap,Jiso,gigi,2.001,32.590
2026-02-01T19:47:01.949460,papap,gigi,Jiso,3.000,16.440
2026-02-01T19:47:04.706647,papap,Jiso,gigi,149.409,37.415
2026-02-01T19:47:04.950881,papap,gigi,Jiso,4.521,16.284
2026-02-01T19:47:07.558110,papap,Jiso,gigi,2.001,37.097
2026-02-01T19:47:07.949549,papap,gigi,Jiso,3.502,16.133
2026-02-01T19:47:10.557430,papap,Jiso,gigi,0.989,36.792
2026-02-01T19:47:10.947416,papap,gigi,Jiso,1.987,15.989
2026-02-01T19:47:13.558214,papap,Jiso,gigi,1.990,36.489
2026-02-01T19:47:13.948915,papap,gigi,Jiso,2.508,15.848
2026-02-01T19:47:16.557148,papap,Jiso,gigi,0.990,36.198
2026-02-01T19:47:16.947643,papap,gigi,Jiso,1.994,15.711
2026-02-01T19:47:19.702566,papap,Jiso,gigi,99.844,37.656
2026-02-01T19:47:19.949007,papap,gigi,Jiso,3.001,15.576
2026-02-01T19:47:22.558279,papap,Jiso,gigi,1.986,37.366
2026-02-01T19:47:22.947884,papap,gigi,Jiso,1.997,15.447
2026-02-01T22:20:51.672018,rwsfad,nikos,george,1.006,0.000
2026-02-01T22:20:52.045687,rwsfad,george,nikos,1.997,0.000
2026-02-01T22:20:54.668857,rwsfad,nikos,george,2.005,0.000
2026-02-01T22:20:55.044091,rwsfad,george,nikos,1.000,0.000
2026-02-01T22:20:57.669036,rwsfad,nikos,george,2.005,0.577
2026-02-01T22:20:58.043578,rwsfad,george,nikos,1.001,0.576
2026-02-01T22:21:00.669704,rwsfad,nikos,george,0.990,0.581
2026-02-01T22:21:01.043382,rwsfad,george,nikos,0.999,0.499
2026-02-01T22:21:03.668828,rwsfad,nikos,george,2.007,0.552
2026-02-01T22:21:04.044978,rwsfad,george,nikos,1.998,0.547
2026-02-01T22:21:06.669383,rwsfad,nikos,george,2.002,0.520
2026-02-01T22:21:07.045090,rwsfad,george,nikos,2.509,0.666
2026-02-01T22:21:09.671654,rwsfad,nikos,george,1.999,0.491
2026-02-01T22:21:10.044053,rwsfad,george,nikos,2.004,0.629
2026-02-01T22:21:12.669076,rwsfad,nikos,george,2.005,0.466
2026-02-01T22:21:13.043366,rwsfad,george,nikos,0.999,0.625
2026-02-01T22:21:15.669261,rwsfad,nikos,george,2.007,0.444
2026-02-01T22:21:16.045547,rwsfad,george,nikos,2.003,0.603
2026-02-01T22:21:18.668814,rwsfad,nikos,george,1.510,0.427
2026-02-01T22:21:19.043187,rwsfad,george,nikos,0.999,0.601
2026-02-01T22:21:21.740590,rwsfad,nikos,george,73.224,21.553
2026-02-01T22:21:22.056012,rwsfad,george,nikos,13.048,3.513
2026-02-01T22:21:24.669098,rwsfad,nikos,george,1.980,20.629
2026-02-01T22:21:25.045109,rwsfad,george,nikos,0.998,3.381
2026-02-01T22:21:27.669129,rwsfad,nikos,george,2.000,19.815
2026-02-01T22:21:28.045292,rwsfad,george,nikos,2.000,3.240
2026-02-01T22:21:30.668478,rwsfad,nikos,george,0.998,19.112
2026-02-01T22:21:31.044754,rwsfad,george,nikos,2.001,3.115
2026-02-01T22:21:33.670577,rwsfad,nikos,george,1.989,18.459
2026-02-01T22:21:34.043847,rwsfad,george,nikos,1.999,3.003
2026-02-01T22:21:36.923482,rwsfad,nikos,george,255.468,64.743
2026-02-01T22:21:37.202107,rwsfad,george,nikos,159.437,39.374
2026-02-01T22:21:39.669354,rwsfad,nikos,george,0.987,62.895
2026-02-01T22:21:40.043193,rwsfad,george,nikos,1.000,38.220
2026-02-01T22:21:42.668873,rwsfad,nikos,george,1.010,61.196
2026-02-01T22:21:43.044788,rwsfad,george,nikos,1.001,37.162
2026-02-01T22:21:45.669299,rwsfad,nikos,george,0.963,59.627
2026-02-01T22:21:46.043223,rwsfad,george,nikos,1.000,36.187
2026-02-01T22:21:48.669504,rwsfad,nikos,george,1.983,58.158
2026-02-01T22:21:49.043642,rwsfad,george,nikos,1.002,35.284
2026-02-01T22:21:51.811339,rwsfad,nikos,george,143.920,63.003
2026-02-01T22:21:52.217020,rwsfad,george,nikos,173.498,49.563
2026-02-01T22:21:54.668966,rwsfad,nikos,george,1.991,61.662
2026-02-01T22:21:55.045221,rwsfad,george,nikos,2.504,48.477
2026-02-01T22:21:57.669327,rwsfad,nikos,george,2.001,60.402
2026-02-01T22:21:58.044564,rwsfad,george,nikos,2.002,47.466
2026-02-01T22:22:00.668996,rwsfad,nikos,george,1.987,59.215
2026-02-01T22:22:01.045381,rwsfad,george,nikos,2.002,46.516
2026-02-01T22:22:03.669225,rwsfad,nikos,george,0.987,58.109
2026-02-01T22:22:04.043091,rwsfad,george,nikos,0.985,45.633
2026-02-01T22:33:02.921016,t,joko,rere,1.993,0.000
2026-02-01T22:33:04.248678,t,rere,joko,2.001,0.000
2026-02-01T22:33:05.919235,t,joko,rere,1.990,0.000
2026-02-01T22:33:07.247194,t,rere,joko,2.003,0.000
2026-02-01T22:33:08.949120,t,joko,rere,1.999,0.005
2026-02-01T22:33:10.248806,t,rere,joko,1.999,0.002
2026-02-01T22:33:11.919246,t,joko,rere,1.981,0.007
2026-02-01T22:33:13.249856,t,rere,joko,3.002,0.501
2026-02-01T22:33:14.920363,t,joko,rere,2.984,0.444
2026-02-01T22:33:16.247601,t,rere,joko,0.989,0.712
2026-02-01T22:33:17.919153,t,joko,rere,2.003,0.405
2026-02-01T22:33:19.673283,t,rere,joko,93.925,37.534
2026-02-01T22:33:20.927745,t,joko,rere,9.514,2.804
2026-02-01T22:33:22.247786,t,rere,joko,1.002,34.814
2026-02-01T22:33:23.921326,t,joko,rere,4.002,2.612
2026-02-01T22:33:25.248056,t,rere,joko,1.999,32.557
2026-02-01T22:33:26.920377,t,joko,rere,2.003,2.481
2026-02-01T22:33:28.247567,t,rere,joko,2.000,30.689
2026-02-01T22:38:45.110360,rrr,user1,user2,1.991,0.000
2026-02-01T22:38:45.373522,rrr,user2,user1,1.492,0.000
2026-02-01T22:38:48.108213,rrr,user1,user2,1.987,0.000
2026-02-01T22:38:48.373264,rrr,user2,user1,1.006,0.000
2026-02-01T22:38:51.108246,rrr,user1,user2,2.001,0.007
2026-02-01T22:38:51.372817,rrr,user2,user1,1.506,0.285
2026-02-01T22:38:54.106778,rrr,user1,user2,1.000,0.496
2026-02-01T22:38:54.371831,rrr,user2,user1,1.477,0.243
2026-02-01T22:38:57.107093,rrr,user1,user2,2.001,0.445
2026-02-01T22:38:57.371958,rrr,user2,user1,1.487,0.217
2026-02-01T22:39:00.106658,rrr,user1,user2,0.999,0.514
2026-02-01T22:39:00.371723,rrr,user2,user1,1.505,0.199
2026-02-01T22:39:03.106261,rrr,user1,user2,2.002,0.486
2026-02-01T22:39:03.373106,rrr,user2,user1,1.012,0.237
2026-02-01T22:39:06.106090,rrr,user1,user2,1.001,0.516
2026-02-01T22:39:06.372994,rrr,user2,user1,2.013,0.320
2026-02-01T22:39:09.106652,rrr,user1,user2,2.002,0.498
2026-02-01T22:39:09.373176,rrr,user2,user1,2.011,0.355
2026-02-01T22:39:12.106207,rrr,user1,user2,0.999,0.515
2026-02-01T22:39:12.372286,rrr,user2,user1,2.015,0.372
2026-02-01T22:39:15.106950,rrr,user1,user2,1.002,0.521
2026-02-01T22:39:15.371676,rrr,user2,user1,1.508,0.353
2026-02-01T22:39:18.106938,rrr,user1,user2,0.983,0.522
2026-02-01T22:39:18.371708,rrr,user2,user1,1.504,0.337
2026-02-01T22:39:21.105831,rrr,user1,user2,1.002,0.518
2026-02-01T22:39:21.371485,rrr,user2,user1,1.489,0.323
2026-02-01T22:39:24.105443,rrr,user1,user2,0.991,0.514
2026-02-01T22:39:24.373003,rrr,user2,user1,1.008,0.341
2026-02-01T22:39:27.106567,rrr,user1,user2,1.987,0.516
2026-02-01T22:39:27.371576,rrr,user2,user1,1.506,0.329
2026-02-01T22:39:30.106471,rrr,user1,user2,0.982,0.513
2026-02-01T22:39:30.373216,rrr,user2,user1,2.007,0.342
2026-02-01T22:39:33.106421,rrr,user1,user2,2.000,0.515
2026-02-01T22:39:33.373303,rrr,user2,user1,2.013,0.351
2026-02-01T22:39:36.106913,rrr,user1,user2,1.984,0.514
2026-02-01T22:39:36.371554,rrr,user2,user1,1.488,0.341
2026-02-01T22:39:39.106981,rrr,user1,user2,2.000,0.513
2026-02-01T22:39:39.371570,rrr,user2,user1,1.503,0.331
2026-02-01T22:39:42.106495,rrr,user1,user2,2.002,0.511
2026-02-01T22:39:42.371587,rrr,user2,user1,1.490,0.323
2026-02-07T10:30:50.813679,reqerq,giwrgso,Opoutsosmou,4.296,0.000
2026-02-07T10:30:51.566797,reqerq,Opoutsosmou,giwrgso,3.000,0.000
2026-02-07T10:30:53.799885,reqerq,giwrgso,Opoutsosmou,2.380,0.000
2026-02-07T10:30:54.566694,reqerq,Opoutsosmou,giwrgso,4.005,0.000
2026-02-07T10:30:56.806073,reqerq,giwrgso,Opoutsosmou,5.009,1.360
2026-02-07T10:30:57.567651,reqerq,Opoutsosmou,giwrgso,2.988,0.584
2026-02-07T10:30:59.800641,reqerq,giwrgso,Opoutsosmou,4.517,1.153
2026-02-07T10:31:00.565660,reqerq,Opoutsosmou,giwrgso,3.001,0.504
2026-02-07T10:34:04.334053,ddd,ddda,rwrw,3.002,0.000
2026-02-07T10:34:04.488802,ddd,rwrw,ddda,2.034,0.000
2026-02-07T10:34:07.330116,ddd,ddda,rwrw,1.999,0.000
2026-02-07T10:34:07.488448,ddd,rwrw,ddda,3.232,0.000
2026-02-07T10:50:12.959709,aa,rew,aaaaa,3.513,0.000
2026-02-07T10:50:13.398814,aa,aaaaa,rew,6.515,0.000
2026-02-07T10:50:15.955248,aa,rew,aaaaa,2.007,0.000
2026-02-07T10:50:16.394852,aa,aaaaa,rew,4.516,0.000
2026-02-07T10:50:18.957807,aa,rew,aaaaa,2.000,0.872
2026-02-07T10:50:19.394519,aa,aaaaa,rew,3.007,1.760
2026-02-07T10:50:21.956895,aa,rew,aaaaa,2.001,0.755
2026-02-07T10:50:22.395516,aa,aaaaa,rew,4.120,1.464
2026-02-07T10:50:24.956739,aa,rew,aaaaa,2.002,0.676
2026-02-07T10:50:25.394446,aa,aaaaa,rew,3.031,1.436
2026-02-07T10:50:27.955658,aa,rew,aaaaa,3.000,0.668
2026-02-07T10:50:28.393602,aa,aaaaa,rew,2.058,1.563
2026-02-07T10:50:30.957938,aa,rew,aaaaa,2.969,0.644
2026-02-07T10:50:31.392702,aa,aaaaa,rew,2.333,1.541
2026-02-07T10:50:33.955302,aa,rew,aaaaa,1.995,0.622
2026-02-07T10:50:34.395488,aa,aaaaa,rew,3.050,1.442
2026-02-07T10:50:36.958394,aa,rew,aaaaa,2.994,0.611
2026-02-07T10:50:37.393429,aa,aaaaa,rew,2.006,1.448
2026-02-07T11:04:56.178469,jjj,ater,dsasad,1.997,0.000
2026-02-07T11:04:57.019658,jjj,dsasad,ater,2.001,0.000
2026-02-07T11:04:59.176736,jjj,ater,dsasad,4.006,0.000
2026-02-07T11:05:00.019708,jjj,dsasad,ater,2.998,0.000
2026-02-07T11:05:02.177454,jjj,ater,dsasad,2.037,1.149
2026-02-07T11:05:03.017430,jjj,dsasad,ater,1.995,0.577
2026-02-07T11:05:05.175086,jjj,ater,dsasad,2.002,0.997
2026-02-07T11:05:06.017342,jjj,dsasad,ater,2.002,0.499
2026-02-07T11:05:08.176561,jjj,ater,dsasad,1.000,1.096
2026-02-07T11:05:09.018446,jjj,dsasad,ater,2.988,0.544
2026-02-07T11:05:11.175868,jjj,ater,dsasad,1.998,0.984
2026-02-07T11:05:12.017900,jjj,dsasad,ater,1.002,0.749
2026-02-07T11:05:14.174831,jjj,ater,dsasad,2.000,0.901
2026-02-07T11:05:15.017500,jjj,dsasad,ater,1.991,0.687
2026-02-07T11:05:17.175875,jjj,ater,dsasad,2.004,0.836
2026-02-07T11:43:38.911801,as,d1,arteta,3.000,0.000
2026-02-07T11:43:40.427228,as,arteta,d1,3.512,0.000
2026-02-07T11:43:41.909421,as,d1,arteta,2.000,0.000
2026-02-07T11:43:43.965882,as,arteta,d1,324.882,0.000
2026-02-07T11:43:44.908003,as,d1,arteta,2.005,0.576
2026-02-07T11:43:46.425023,as,arteta,d1,2.006,185.979
2026-02-07T11:43:47.908865,as,d1,arteta,4.004,0.957
2026-02-07T11:43:49.425463,as,arteta,d1,2.418,161.119
2026-02-07T11:43:50.908902,as,d1,arteta,4.004,1.000
2026-02-07T11:43:52.425964,as,arteta,d1,3.053,144.064
2026-02-07T11:43:53.909519,as,d1,arteta,2.998,0.895
2026-02-07T11:43:55.424441,as,arteta,d1,1.379,131.625
2026-02-07T11:43:56.908539,as,d1,arteta,2.001,0.900
2026-02-07T11:43:58.506497,as,arteta,d1,6.037,121.643
2026-02-07T11:43:59.909714,as,d1,arteta,3.508,0.864
2026-02-07T11:44:01.425284,as,arteta,d1,3.076,113.786
2026-02-07T11:44:02.906857,as,d1,arteta,1.973,0.870
2026-02-07T11:44:04.424989,as,arteta,d1,3.111,107.277
2026-02-07T11:44:05.908002,as,d1,arteta,1.977,0.864
2026-02-07T11:44:07.424926,as,arteta,d1,3.525,101.756
2026-02-07T11:44:08.906995,as,d1,arteta,2.006,0.850
2026-02-07T11:44:10.425233,as,arteta,d1,2.218,97.048
2026-02-07T11:44:11.909288,as,d1,arteta,3.000,0.815
2026-02-07T11:44:13.638748,as,arteta,d1,28.590,92.538
2026-02-07T11:44:14.909291,as,d1,arteta,3.000,0.785
2026-02-07T11:44:16.427036,as,arteta,d1,5.225,88.909
2026-02-07T11:44:17.907880,as,d1,arteta,2.000,0.779
2026-02-07T11:44:19.425128,as,arteta,d1,2.523,85.734
2026-02-07T11:44:20.907305,as,d1,arteta,1.001,0.866
2026-02-07T11:44:22.425035,as,arteta,d1,1.164,82.905
2026-02-07T11:44:23.908101,as,d1,arteta,1.976,0.850
2026-02-07T11:44:25.425248,as,arteta,d1,3.321,80.297
2026-02-07T11:44:26.908990,as,d1,arteta,2.960,0.829
2026-02-07T11:44:28.629666,as,arteta,d1,3.002,77.926
2026-02-07T11:44:29.907744,as,d1,arteta,2.001,0.815
2026-02-07T11:44:31.425719,as,arteta,d1,1.009,75.785
2026-02-07T11:44:32.909049,as,d1,arteta,3.963,0.858
2026-02-07T11:44:34.424620,as,arteta,d1,2.033,73.795
2026-02-07T11:44:35.907289,as,d1,arteta,1.996,0.846
2026-02-07T11:44:37.424894,as,arteta,d1,2.110,71.953
2026-02-07T11:44:38.907966,as,d1,arteta,2.999,0.830
2026-02-07T11:44:40.423933,as,arteta,d1,1.140,70.255
2026-02-07T11:44:41.908051,as,d1,arteta,3.023,0.815
2026-02-07T11:44:43.604553,as,arteta,d1,23.108,68.566
2026-02-07T11:44:44.908650,as,d1,arteta,1.999,0.807
2026-02-07T11:44:46.424914,as,arteta,d1,3.229,67.075
2026-02-07T11:44:47.908255,as,d1,arteta,1.998,0.798
2026-02-07T11:50:53.254301,44,reter,haha,1.968,0.000
2026-02-07T11:50:53.994260,44,haha,reter,4.364,0.000
2026-02-07T11:50:56.251856,44,reter,haha,1.996,0.000
2026-02-07T11:50:56.986642,44,haha,reter,1.975,0.000
2026-02-07T11:50:59.252001,44,reter,haha,2.000,0.017
2026-02-07T11:51:00.210529,44,haha,reter,113.861,63.919
2026-02-07T11:51:02.252916,44,reter,haha,3.994,1.003
2026-02-07T11:51:02.986895,44,haha,reter,1.999,55.552
2026-02-07T11:51:05.252700,44,reter,haha,3.007,0.899
2026-02-07T11:51:05.987793,44,haha,reter,1.999,49.775
2026-02-07T11:51:08.251645,44,reter,haha,2.996,0.821
2026-02-07T11:51:08.989958,44,haha,reter,4.107,45.318
2026-02-07T11:51:11.253156,44,reter,haha,2.002,0.789
2026-02-07T11:51:11.986239,44,haha,reter,2.026,42.011
2026-02-07T11:51:14.251950,44,reter,haha,3.004,0.747
2026-02-07T11:51:15.006381,44,haha,reter,7.007,39.111
2026-02-07T11:51:17.250959,44,reter,haha,1.972,0.731
2026-02-07T11:51:17.987847,44,haha,reter,2.512,36.910
2026-02-07T11:51:20.251862,44,reter,haha,2.003,0.711
2026-02-07T11:51:20.985993,44,haha,reter,2.025,35.060
2026-02-07T11:51:23.252506,44,reter,haha,3.004,0.692
2026-02-07T11:51:23.987401,44,haha,reter,2.550,33.446
2026-02-07T11:51:26.252403,44,reter,haha,2.998,0.673
2026-02-07T11:51:26.987586,44,haha,reter,2.003,32.050
2026-02-07T11:51:29.251929,44,reter,haha,1.973,0.666
2026-02-07T12:01:54.849433,43,te1,tye,3.002,0.000
2026-02-07T12:01:56.956805,43,tye,te1,2.006,0.000
2026-02-07T12:01:57.846694,43,te1,tye,2.000,0.000
2026-02-07T12:01:59.955060,43,tye,te1,0.973,0.000
2026-02-07T12:02:00.847183,43,te1,tye,1.998,0.579
2026-02-07T12:02:02.955347,43,tye,te1,2.002,0.595
2026-02-07T12:02:03.845774,43,te1,tye,2.962,0.568
2026-02-07T12:02:05.955923,43,tye,te1,3.000,0.827
2026-02-07T12:02:06.858387,43,te1,tye,2.999,0.542
2026-02-07T12:02:08.955674,43,tye,te1,2.002,0.717
2026-02-07T12:02:09.845706,43,te1,tye,2.000,0.541
2026-02-12T00:12:49.205579,afsdfda,rett,333,9.526,0.000
2026-02-12T00:12:50.826124,afsdfda,333,rett,1.513,0.000
2026-02-12T00:12:52.190347,afsdfda,rett,333,2.000,0.000
2026-02-12T00:12:53.803613,afsdfda,333,rett,2.496,0.000
2026-02-12T00:12:55.179988,afsdfda,rett,333,1.983,4.350
2026-02-12T00:12:56.821050,afsdfda,333,rett,18.063,9.284
2026-02-12T00:12:58.181918,afsdfda,rett,333,3.998,3.561
2026-02-12T00:12:59.804786,afsdfda,333,rett,2.521,7.957
2026-02-12T00:13:01.178099,afsdfda,rett,333,2.003,3.261
2026-02-12T00:13:02.804468,afsdfda,333,rett,2.550,7.076
2026-02-12T00:13:04.179740,afsdfda,rett,333,2.983,2.941
2026-02-12T00:13:05.804362,afsdfda,333,rett,2.517,6.440
2026-02-12T00:13:07.178969,afsdfda,rett,333,2.006,2.764
2026-02-12T00:13:08.803842,afsdfda,333,rett,2.003,5.983
2026-02-12T00:13:10.178868,afsdfda,rett,333,2.002,2.614
2026-02-13T18:35:34.042326,qqq,clooney,darius,2.281,0.000
2026-02-13T18:35:35.632766,qqq,darius,clooney,3.354,0.000
2026-02-13T18:35:37.025662,qqq,clooney,darius,1.000,0.000
2026-02-13T18:35:38.604544,qqq,darius,clooney,1.998,0.000
2026-02-13T18:35:40.029062,qqq,clooney,darius,3.089,1.053
2026-02-13T18:35:41.605363,qqq,darius,clooney,1.999,0.783
2026-02-13T18:35:43.027288,qqq,clooney,darius,1.980,0.863
2026-02-13T18:35:44.605526,qqq,darius,clooney,1.972,0.682
2026-02-13T18:35:46.025678,qqq,clooney,darius,0.972,0.899
2026-02-13T18:35:47.605357,qqq,darius,clooney,3.006,0.664
2026-02-13T18:35:49.084066,qqq,clooney,darius,9.050,3.042
2026-02-13T18:35:50.629128,qqq,darius,clooney,2.012,0.622
2026-02-13T18:35:52.027415,qqq,clooney,darius,3.001,2.777
2026-02-13T18:35:53.628339,qqq,darius,clooney,3.538,0.714
2026-02-13T18:35:55.037068,qqq,clooney,darius,0.971,2.674
2026-02-13T18:35:56.605763,qqq,darius,clooney,1.997,0.690
2026-02-13T18:35:58.030621,qqq,clooney,darius,5.506,2.660
2026-02-13T18:35:59.631068,qqq,darius,clooney,4.155,0.853
2026-02-13T18:36:01.042905,qqq,clooney,darius,4.039,2.525
2026-02-13T18:36:02.663841,qqq,darius,clooney,6.009,1.327
2026-02-13T18:36:04.043520,qqq,clooney,darius,2.000,2.422
2026-02-13T18:36:05.627108,qqq,darius,clooney,3.998,1.294
2026-02-13T18:36:07.027366,qqq,clooney,darius,2.999,2.310
2026-02-13T18:36:08.604374,qqq,darius,clooney,1.999,1.274
2026-02-13T18:36:10.027631,qqq,clooney,darius,2.503,2.217
2026-02-13T18:36:11.604531,qqq,darius,clooney,1.977,1.252
2026-02-16T11:31:26.639963,ret,agge,teraw,2.001,0.000
2026-02-16T11:31:27.355456,ret,teraw,agge,2.000,0.000
2026-02-16T11:31:29.636569,ret,agge,teraw,2.000,0.000
2026-02-16T11:31:30.354077,ret,teraw,agge,1.997,0.000
2026-02-16T11:31:32.710053,ret,agge,teraw,17.048,8.688
2026-02-16T18:24:56.200524,ares,mike,julio,1.988,0.000
2026-02-16T18:24:56.964410,ares,julio,mike,2.497,0.000
2026-02-16T18:24:59.196992,ares,mike,julio,2.007,0.000
2026-02-16T18:24:59.963890,ares,julio,mike,2.504,0.000
2026-02-16T18:25:02.198133,ares,mike,julio,2.008,0.011
2026-02-16T18:25:02.980494,ares,julio,mike,19.053,9.557
2026-02-16T18:25:05.198268,ares,mike,julio,2.005,0.010
2026-02-16T18:25:05.964023,ares,julio,mike,2.511,8.275
2026-02-16T18:25:08.197907,ares,mike,julio,3.005,0.448
2026-02-16T18:25:08.963768,ares,julio,mike,2.506,7.401
2026-02-16T18:53:18.015336,asas,aretes,kazios,2.001,0.000
2026-02-16T18:53:18.204451,asas,kazios,aretes,1.510,0.000
2026-02-16T18:53:20.981420,asas,aretes,kazios,2.504,0.000
2026-02-16T18:53:21.181998,asas,kazios,aretes,2.060,0.000
2026-02-16T18:53:23.986995,asas,aretes,kazios,2.002,0.290
2026-02-16T18:53:24.181795,asas,kazios,aretes,2.081,0.324
2026-02-16T18:53:26.980684,asas,aretes,kazios,1.000,0.631
2026-02-16T18:53:27.183131,asas,kazios,aretes,2.510,0.410
2026-02-16T18:53:29.979187,asas,aretes,kazios,1.999,0.549
2026-02-16T18:53:30.182035,asas,kazios,aretes,1.504,0.428
2026-02-16T19:00:21.472058,asas,artemios,alianos,2.006,0.000
2026-02-16T19:00:22.111836,asas,alianos,artemios,1.001,0.000
2026-02-16T19:00:24.448243,asas,artemios,alianos,1.001,0.000
2026-02-16T19:00:25.088205,asas,alianos,artemios,1.510,0.000
2026-02-16T19:00:27.449300,asas,artemios,alianos,2.004,0.579
2026-02-16T19:00:28.088609,asas,alianos,artemios,1.006,0.293
2026-02-16T19:00:30.447410,asas,artemios,alianos,2.514,0.634
2026-02-16T19:00:31.090834,asas,alianos,artemios,2.006,0.480
2026-02-16T19:00:33.448137,asas,artemios,alianos,1.509,0.573
2026-02-16T19:00:34.089251,asas,alianos,artemios,2.005,0.501
2026-02-16T19:00:36.447660,asas,artemios,alianos,2.514,0.589
2026-02-16T19:00:37.088894,asas,alianos,artemios,2.011,0.493
2026-02-16T19:00:39.447333,asas,artemios,alianos,2.514,0.582
2026-02-16T19:00:40.088360,asas,alianos,artemios,1.002,0.502
2026-02-16T19:00:42.447505,asas,artemios,alianos,2.517,0.568
2026-02-16T19:00:43.088370,asas,alianos,artemios,1.001,0.498
2026-02-16T19:00:45.448715,asas,artemios,alianos,2.519,0.551
2026-02-16T19:00:46.090284,asas,alianos,artemios,2.004,0.502
2026-02-16T19:00:48.449104,asas,artemios,alianos,2.517,0.535
2026-02-16T19:00:49.089613,asas,alianos,artemios,2.005,0.499
2026-02-16T19:00:51.449459,asas,artemios,alianos,2.000,0.510
2026-02-16T19:00:52.096587,asas,alianos,artemios,10.000,2.590
2026-02-16T19:00:54.448648,asas,artemios,alianos,2.000,0.488
2026-02-16T19:00:55.088897,asas,alianos,artemios,2.001,2.471
2026-02-16T19:00:57.447409,asas,artemios,alianos,1.001,0.563
2026-02-16T19:00:58.089079,asas,alianos,artemios,1.002,2.393
2026-02-16T19:01:00.446869,asas,artemios,alianos,1.001,0.609
2026-02-16T19:01:01.089106,asas,alianos,artemios,0.999,2.321
2026-02-16T19:01:03.447469,asas,artemios,alianos,1.002,0.638
2026-02-16T19:01:04.090262,asas,alianos,artemios,1.999,2.237
2026-02-16T19:01:06.448512,asas,artemios,alianos,1.001,0.657
2026-02-16T19:01:07.090378,asas,alianos,artemios,2.002,2.161
2026-02-16T19:01:09.448785,asas,artemios,alianos,2.000,0.637
2026-02-16T19:01:10.088708,asas,alianos,artemios,2.002,2.093
2026-02-16T19:01:12.448846,asas,artemios,alianos,2.002,0.619
2026-02-16T19:01:13.087583,asas,alianos,artemios,1.000,2.047
2026-02-16T19:01:15.447724,asas,artemios,alianos,1.000,0.633
2026-02-16T19:01:16.087738,asas,alianos,artemios,1.000,2.003
2026-02-16T19:01:18.448783,asas,artemios,alianos,2.017,0.618
2026-02-16T19:01:19.089318,asas,alianos,artemios,2.002,1.949
2026-02-16T19:01:21.448240,asas,artemios,alianos,2.002,0.604
2026-02-16T19:01:22.087784,asas,alianos,artemios,1.002,1.912
2026-02-16T19:01:24.448484,asas,artemios,alianos,2.000,0.590
2026-02-16T19:01:25.087687,asas,alianos,artemios,0.999,1.877
2026-02-16T19:01:27.446863,asas,artemios,alianos,0.996,0.603
2026-02-16T19:01:28.087475,asas,alianos,artemios,1.002,1.843
2026-02-16T19:01:30.448347,asas,artemios,alianos,0.996,0.613
2026-02-16T19:01:31.088656,asas,alianos,artemios,1.001,1.810
2026-02-16T19:01:33.447303,asas,artemios,alianos,1.000,0.620
2026-02-16T19:01:34.090375,asas,alianos,artemios,2.004,1.773
2026-02-16T19:01:36.447719,asas,artemios,alianos,1.001,0.624
2026-02-16T19:01:37.090290,asas,alianos,artemios,2.000,1.737
2026-02-16T19:01:39.448206,asas,artemios,alianos,2.002,0.615
2026-02-16T19:01:40.090063,asas,alianos,artemios,1.003,1.711
2026-02-16T19:01:42.447563,asas,artemios,alianos,1.000,0.619
2026-02-16T19:01:43.090127,asas,alianos,artemios,1.000,1.686
2026-02-16T19:01:45.447016,asas,artemios,alianos,1.001,0.621
2026-02-16T19:01:46.090090,asas,alianos,artemios,2.001,1.656
2026-02-16T19:11:57.381463,fsafsa,angel,adrtes,2.004,0.000
2026-02-16T19:11:58.566192,fsafsa,adrtes,angel,2.007,0.000
2026-02-16T19:12:00.354820,fsafsa,angel,adrtes,2.007,0.000
2026-02-16T19:12:01.542785,fsafsa,adrtes,angel,1.512,0.000
2026-02-16T19:12:03.355981,fsafsa,angel,adrtes,2.001,0.003
2026-02-16T19:12:04.541516,fsafsa,adrtes,angel,1.001,0.503
2026-02-16T19:12:06.353719,fsafsa,angel,adrtes,2.012,0.005
2026-02-16T19:12:07.542852,fsafsa,adrtes,angel,1.511,0.411
2026-02-16T19:12:09.353264,fsafsa,angel,adrtes,1.002,0.449
2026-02-16T19:12:10.541621,fsafsa,adrtes,angel,1.504,0.356
2026-02-16T19:12:12.353684,fsafsa,angel,adrtes,2.012,0.410
2026-02-16T19:12:13.542328,fsafsa,adrtes,angel,2.516,0.520
2026-02-16T19:12:15.355751,fsafsa,angel,adrtes,3.007,0.579
2026-02-16T19:12:16.541199,fsafsa,adrtes,angel,1.505,0.479
2026-02-16T19:12:18.355047,fsafsa,angel,adrtes,2.005,0.536
2026-02-16T19:12:19.541755,fsafsa,adrtes,angel,1.504,0.447
2026-02-16T19:12:21.353274,fsafsa,angel,adrtes,1.003,0.603
2026-02-16T19:12:22.541149,fsafsa,adrtes,angel,1.507,0.420
2026-02-16T19:12:24.354000,fsafsa,angel,adrtes,1.006,0.634
2026-02-16T19:12:25.543679,fsafsa,adrtes,angel,1.007,0.441
2026-02-16T19:12:27.354304,fsafsa,angel,adrtes,1.006,0.648
2026-02-16T19:12:28.541537,fsafsa,adrtes,angel,1.503,0.418
2026-02-16T19:12:30.356161,fsafsa,angel,adrtes,3.008,0.719
2026-02-16T19:12:31.541606,fsafsa,adrtes,angel,1.506,0.399
2026-02-16T19:12:33.354691,fsafsa,angel,adrtes,3.013,0.762
2026-02-16T19:12:34.541179,fsafsa,adrtes,angel,1.504,0.382
2026-02-16T19:12:36.368593,fsafsa,angel,adrtes,14.004,3.309
2026-02-16T19:12:37.543370,fsafsa,adrtes,angel,1.999,0.387
2026-02-16T19:12:39.354152,fsafsa,angel,adrtes,2.000,3.195
2026-02-16T19:12:40.543355,fsafsa,adrtes,angel,2.000,0.388
2026-02-16T19:12:42.354258,fsafsa,angel,adrtes,2.001,3.092
2026-02-16T19:12:43.541671,fsafsa,adrtes,angel,2.005,0.388
2026-02-16T19:12:45.357598,fsafsa,angel,adrtes,2.997,2.995
2026-02-16T19:12:46.543284,fsafsa,adrtes,angel,3.009,0.503
2026-02-16T19:12:48.354337,fsafsa,angel,adrtes,0.999,2.933
2026-02-16T19:12:49.542224,fsafsa,adrtes,angel,2.009,0.493
2026-02-18T18:48:09.408900,qewrq,getr,agghe,2.007,0.000
2026-02-18T18:48:09.486529,qewrq,agghe,getr,2.526,0.000
2026-02-18T18:48:12.385077,qewrq,getr,agghe,1.505,0.000
2026-02-18T18:48:12.468272,qewrq,agghe,getr,6.517,0.000
2026-02-18T18:48:15.388574,qewrq,getr,agghe,2.989,0.755
2026-02-18T18:48:15.465264,qewrq,agghe,getr,2.513,2.308
2026-02-18T18:48:18.385023,qewrq,getr,agghe,1.505,0.700
2026-02-18T18:48:18.464813,qewrq,agghe,getr,2.505,2.001
2026-02-18T18:48:21.388510,qewrq,getr,agghe,2.004,0.606
2026-02-18T18:48:21.465276,qewrq,agghe,getr,1.506,1.952
2026-02-18T18:48:24.388276,qewrq,getr,agghe,3.004,0.679
2026-02-18T18:48:24.463404,qewrq,agghe,getr,2.004,1.804
2026-02-18T18:48:27.389891,qewrq,getr,agghe,5.016,1.242
2026-02-18T18:48:27.468627,qewrq,agghe,getr,4.031,1.699
2026-02-18T18:48:30.390595,qewrq,getr,agghe,4.008,1.256
2026-02-18T18:48:30.464238,qewrq,agghe,getr,2.506,1.586
2026-02-18T18:48:33.386654,qewrq,getr,agghe,2.005,1.201
2026-02-18T18:48:33.465297,qewrq,agghe,getr,2.509,1.493
2026-02-18T18:48:36.387389,qewrq,getr,agghe,3.007,1.138
2026-02-18T18:48:36.464924,qewrq,agghe,getr,2.000,1.440
2026-02-18T18:48:39.537410,qewrq,agghe,getr,74.191,21.550
2026-02-18T18:48:39.540408,qewrq,getr,agghe,154.918,45.907
2026-02-18T18:48:42.386683,qewrq,getr,agghe,2.011,43.971
2026-02-18T18:48:42.465408,qewrq,agghe,getr,2.512,20.642
2026-02-19T19:35:06.142592,aaaa,harets,nik,2.000,0.000
2026-02-19T19:35:07.968093,aaaa,nik,harets,1.998,0.000
2026-02-19T19:35:09.118299,aaaa,harets,nik,1.999,0.000
2026-02-19T19:35:10.945700,aaaa,nik,harets,1.505,0.000
2026-02-19T19:35:12.116637,aaaa,harets,nik,1.001,0.576
2026-02-19T19:35:14.085299,aaaa,nik,harets,72.205,40.677
2026-02-19T19:35:15.184117,aaaa,harets,nik,63.707,31.024
2026-02-19T19:35:16.947051,aaaa,nik,harets,3.000,35.024
2026-02-19T19:35:18.118223,aaaa,harets,nik,2.001,27.711
2026-02-19T19:35:19.946239,aaaa,nik,harets,1.999,31.345
2026-02-19T19:35:21.116627,aaaa,harets,nik,1.999,25.277
2026-02-19T19:35:22.944922,aaaa,nik,harets,2.002,28.624
2026-02-19T19:35:24.118325,aaaa,harets,nik,2.001,23.389
2026-02-19T19:35:25.946300,aaaa,nik,harets,2.001,26.507
2026-02-19T19:35:27.116925,aaaa,harets,nik,2.001,21.870
2026-02-19T19:35:28.993121,aaaa,nik,harets,26.586,25.069
2026-02-19T19:35:30.482312,aaaa,harets,nik,323.884,106.744
2026-02-19T19:35:31.947822,aaaa,nik,harets,1.997,23.784
2026-02-19T19:35:33.118272,aaaa,harets,nik,2.000,101.533
2026-02-19T19:35:34.946151,aaaa,nik,harets,2.002,22.673
2026-02-19T19:35:36.116627,aaaa,harets,nik,2.000,97.011
2026-02-19T19:35:37.946172,aaaa,nik,harets,2.000,21.700
2026-02-19T19:35:39.116911,aaaa,harets,nik,2.000,93.040
2026-02-19T19:35:40.946274,aaaa,nik,harets,2.000,20.841
2026-02-19T19:35:42.116957,aaaa,harets,nik,1.999,89.517
2026-02-19T19:35:44.026444,aaaa,nik,harets,61.165,24.494
2026-02-19T19:35:45.132489,aaaa,harets,nik,9.520,86.204
2026-02-19T19:35:46.944963,aaaa,nik,harets,2.001,23.747
2026-02-19T19:35:48.116677,aaaa,harets,nik,1.998,83.379
2026-02-19T19:35:49.944970,aaaa,nik,harets,2.000,23.060
2026-02-19T19:35:51.118078,aaaa,harets,nik,2.000,80.814
2026-02-19T19:35:52.944686,aaaa,nik,harets,2.000,22.426
2026-02-19T19:35:54.116554,aaaa,harets,nik,2.002,78.471
2026-02-19T19:35:55.946623,aaaa,nik,harets,2.001,21.840
2026-02-19T19:35:57.118422,aaaa,harets,nik,2.001,76.320
2026-02-19T19:35:58.958076,aaaa,nik,harets,14.038,21.199
2026-02-19T19:36:00.138329,aaaa,harets,nik,8.020,74.256
2026-02-19T19:36:01.946369,aaaa,nik,harets,2.001,20.711
2026-02-19T19:36:03.116590,aaaa,harets,nik,2.000,72.426
2026-02-19T19:36:04.946544,aaaa,nik,harets,1.999,20.253
2026-02-19T19:36:06.118027,aaaa,harets,nik,2.001,70.724
2026-02-19T19:36:07.946098,aaaa,nik,harets,2.001,19.824
2026-02-19T19:36:09.116554,aaaa,harets,nik,2.000,69.137
2026-02-20T10:35:40.124177,rrrr,giorgos,artemis,4.015,0.000
2026-02-20T10:35:41.435378,rrrr,artemis,giorgos,11.002,0.000
2026-02-20T10:35:43.075317,rrrr,giorgos,artemis,5.004,0.000
2026-02-20T10:35:44.531530,rrrr,artemis,giorgos,150.164,0.000
2026-02-20T10:35:46.077348,rrrr,giorgos,artemis,5.000,0.570
2026-02-20T10:35:47.397891,rrrr,artemis,giorgos,10.019,80.630
2026-02-20T10:35:50.501438,rrrr,giorgos,artemis,1014.414,504.871
2026-02-20T10:35:50.675993,rrrr,artemis,giorgos,170.554,86.916
2026-02-20T10:35:52.075322,rrrr,giorgos,artemis,4.009,451.645
2026-02-20T10:35:53.387638,rrrr,artemis,giorgos,5.962,83.240
2026-02-20T10:35:55.079545,rrrr,giorgos,artemis,4.030,412.332
2026-02-20T10:35:56.385964,rrrr,artemis,giorgos,4.011,79.113
2026-02-20T10:35:58.077303,rrrr,giorgos,artemis,6.004,381.646
2026-02-20T10:50:48.921982,makis,user1,user2,1.999,0.000
2026-02-20T10:50:49.435731,makis,user2,user1,2.001,0.000
2026-02-20T10:50:51.900226,makis,user1,user2,3.003,0.000
2026-02-20T10:50:52.438393,makis,user2,user1,22.999,0.000
2026-02-20T10:50:54.915632,makis,user1,user2,2.002,0.579
2026-02-20T10:50:55.415244,makis,user2,user1,2.000,12.123
2026-02-20T10:50:57.898244,makis,user1,user2,2.000,0.502
2026-02-20T10:50:58.414831,makis,user2,user1,2.002,10.499
2026-02-20T10:51:00.899246,makis,user1,user2,2.006,0.448
2026-02-20T10:51:01.415915,makis,user2,user1,2.999,9.289
2026-02-20T10:51:03.897818,makis,user1,user2,1.002,0.633
2026-02-20T10:51:04.414935,makis,user2,user1,2.000,8.500
2026-02-20T10:51:06.898722,makis,user1,user2,2.002,0.578
2026-02-20T10:51:07.415994,makis,user2,user1,3.001,7.825
2026-02-20T10:51:09.898624,makis,user1,user2,2.001,0.535
2026-02-20T10:51:10.414869,makis,user2,user1,2.000,7.337
2026-02-20T10:51:12.899019,makis,user1,user2,2.001,0.500
2026-02-20T10:51:13.415269,makis,user2,user1,2.001,6.930
2026-02-20T10:51:15.899011,makis,user1,user2,2.000,0.472
2026-02-20T10:51:16.415305,makis,user2,user1,2.000,6.583
2026-02-20T10:51:18.898059,makis,user1,user2,1.000,0.540
2026-02-20T10:51:19.414373,makis,user2,user1,1.000,6.324
2026-02-20T10:51:21.897518,makis,user1,user2,1.001,0.578
2026-02-20T10:51:22.412657,makis,user2,user1,1.000,6.092
2026-02-20T10:51:24.899574,makis,user1,user2,1.001,0.600
2026-02-20T10:51:25.414838,makis,user2,user1,2.000,5.852
2026-02-20T11:51:18.077773,aaaa,user2,user1,2.001,0.000
2026-02-20T11:51:18.482969,aaaa,user1,user2,2.002,0.000
2026-02-20T11:51:21.054247,aaaa,user2,user1,2.004,0.000
2026-02-20T11:51:21.460297,aaaa,user1,user2,1.998,0.000
2026-02-20T11:51:24.057171,aaaa,user2,user1,1.002,0.578
2026-02-20T11:51:24.460385,aaaa,user1,user2,2.000,0.002
2026-02-20T11:51:27.055039,aaaa,user2,user1,0.999,0.578
2026-02-20T11:51:27.461105,aaaa,user1,user2,2.001,0.001
2026-02-20T11:51:30.054149,aaaa,user2,user1,2.000,0.548
2026-02-20T11:51:30.464129,aaaa,user1,user2,2.999,0.447
2026-02-20T11:51:33.055193,aaaa,user2,user1,3.000,0.753
2026-02-20T11:51:33.460960,aaaa,user1,user2,2.000,0.408
2026-02-20T11:51:36.053656,aaaa,user2,user1,1.002,0.756
2026-02-20T11:51:36.460953,aaaa,user1,user2,2.002,0.378
2026-02-20T11:51:39.053935,aaaa,user2,user1,1.998,0.707
2026-02-20T11:51:39.461169,aaaa,user1,user2,1.999,0.353
2026-03-06T08:20:08.109347,xaxaxa,user2,kazios1,1.988,0.000
2026-03-06T08:20:09.251421,xaxaxa,kazios1,user2,2.000,0.000
2026-03-06T08:20:11.107158,xaxaxa,user2,kazios1,0.981,0.000
2026-03-06T08:20:12.231133,xaxaxa,kazios1,user2,2.002,0.000
2026-03-06T08:20:14.108265,xaxaxa,user2,kazios1,1.002,0.576
2026-03-06T08:20:15.231176,xaxaxa,kazios1,user2,2.003,0.002
2026-03-06T08:20:17.106338,xaxaxa,user2,kazios1,1.000,0.497
2026-03-06T08:20:18.231343,xaxaxa,kazios1,user2,2.001,0.001
2026-03-06T08:20:20.106478,xaxaxa,user2,kazios1,0.982,0.446
2026-03-06T08:20:21.231506,xaxaxa,kazios1,user2,2.002,0.001
2026-03-06T08:20:23.106957,xaxaxa,user2,kazios1,0.991,0.407
2026-03-06T08:20:24.230790,xaxaxa,kazios1,user2,2.003,0.001
2026-03-06T08:20:26.107177,xaxaxa,user2,kazios1,0.999,0.377
2026-03-06T08:20:27.231253,xaxaxa,kazios1,user2,2.000,0.001
2026-03-06T08:20:29.107517,xaxaxa,user2,kazios1,1.991,0.462
2026-03-06T08:20:30.232309,xaxaxa,kazios1,user2,2.001,0.001
2026-03-06T08:20:32.106528,xaxaxa,user2,kazios1,0.982,0.440
2026-03-06T08:20:33.232561,xaxaxa,kazios1,user2,2.002,0.001
2026-03-27T16:51:16.776348,bakery,katris,kazios,2.001,0.000
2026-03-27T16:51:16.881869,bakery,kazios,katris,2.000,0.000
2026-03-27T16:51:19.753260,bakery,katris,kazios,2.007,0.000
2026-03-27T16:51:19.862780,bakery,kazios,katris,2.002,0.000
2026-03-27T16:51:22.752686,bakery,katris,kazios,2.000,0.004
2026-03-27T16:51:22.860232,bakery,kazios,katris,1.000,0.578
2026-03-27T16:51:25.759886,bakery,katris,kazios,5.002,1.500
2026-03-27T16:51:25.866403,bakery,kazios,katris,3.999,1.258
2026-03-27T16:51:28.752512,bakery,katris,kazios,2.002,1.342
2026-03-27T16:51:28.862026,bakery,kazios,katris,2.002,1.095
2026-03-27T16:51:31.752643,bakery,katris,kazios,2.006,1.224
2026-03-27T16:51:31.860877,bakery,kazios,katris,2.007,0.983
2026-03-27T16:51:34.753762,bakery,katris,kazios,1.003,1.253
2026-03-27T16:51:34.861032,bakery,kazios,katris,2.006,0.899
2026-03-27T16:51:37.752861,bakery,katris,kazios,2.008,1.165
2026-03-27T16:51:37.862662,bakery,kazios,katris,2.012,0.834
2026-03-27T16:51:40.764308,bakery,katris,kazios,5.021,1.428
2026-03-27T16:51:40.863981,bakery,kazios,katris,2.006,0.781
2026-03-27T16:51:43.752086,bakery,katris,kazios,2.007,1.357
2026-03-27T16:51:43.862400,bakery,kazios,katris,0.996,0.817
2026-03-27T16:51:46.756251,bakery,katris,kazios,4.000,1.364
2026-03-27T16:51:46.866510,bakery,kazios,katris,3.000,0.831
2026-03-27T16:51:49.752584,bakery,katris,kazios,2.005,1.314
2026-03-27T16:51:49.861769,bakery,kazios,katris,1.511,0.810
2026-03-27T16:51:52.751576,bakery,katris,kazios,2.010,1.268
2026-03-27T16:51:52.861277,bakery,kazios,katris,2.013,0.776
2026-03-27T16:51:55.752388,bakery,katris,kazios,2.005,1.227
2026-03-27T16:51:55.862565,bakery,kazios,katris,2.005,0.745
2026-03-27T16:51:58.751923,bakery,katris,kazios,1.004,1.244
2026-03-27T16:51:58.861905,bakery,kazios,katris,2.005,0.718
2026-03-27T16:52:01.753069,bakery,katris,kazios,1.007,1.252
2026-03-27T16:52:01.862421,bakery,kazios,katris,2.004,0.694
2026-03-27T16:52:04.752212,bakery,katris,kazios,2.007,1.214
2026-03-27T16:52:04.860723,bakery,kazios,katris,1.511,0.684
2026-03-27T16:52:07.752218,bakery,katris,kazios,1.006,1.217
2026-03-27T16:52:07.863488,bakery,kazios,katris,3.005,0.704
2026-03-27T16:52:10.753156,bakery,katris,kazios,3.006,1.196
2026-03-27T16:52:10.863653,bakery,kazios,katris,2.000,0.684
2026-03-27T16:52:13.864555,bakery,katris,kazios,113.216,24.836
2026-03-27T16:52:13.866554,bakery,kazios,katris,4.000,0.795
2026-03-27T16:52:16.752241,bakery,katris,kazios,2.005,24.240
2026-03-27T16:52:16.863628,bakery,kazios,katris,3.004,0.797
2026-03-27T16:52:19.753085,bakery,katris,kazios,2.005,23.685
2026-03-27T16:52:19.862583,bakery,kazios,katris,2.005,0.779
2026-03-27T16:52:22.753282,bakery,katris,kazios,2.001,23.167
2026-03-27T16:52:22.860687,bakery,kazios,katris,1.508,0.774
2026-03-27T16:52:25.753695,bakery,katris,kazios,1.995,22.681
2026-03-27T16:52:25.861869,bakery,kazios,katris,2.011,0.758
2026-03-27T16:52:28.753657,bakery,katris,kazios,3.008,22.217
2026-03-27T16:52:28.864380,bakery,kazios,katris,1.998,0.742
2026-03-27T16:52:31.752842,bakery,katris,kazios,2.006,21.788
2026-03-27T16:52:31.862268,bakery,kazios,katris,2.007,0.728
2026-03-27T16:52:34.756111,bakery,katris,kazios,3.000,21.375
2026-03-27T16:52:34.860671,bakery,kazios,katris,2.000,0.714
2026-03-27T16:52:37.752735,bakery,katris,kazios,2.001,20.992
2026-03-27T16:52:37.861300,bakery,kazios,katris,2.003,0.701
2026-03-27T16:52:40.752811,bakery,katris,kazios,1.999,20.629
2026-03-27T16:52:40.862328,bakery,kazios,katris,3.001,0.707
2026-03-27T16:52:43.755074,bakery,katris,kazios,3.000,20.278
2026-03-27T16:52:43.863283,bakery,kazios,katris,3.006,0.712
2026-03-27T16:52:46.754646,bakery,katris,kazios,2.000,19.950
2026-03-27T16:52:46.862802,bakery,kazios,katris,2.007,0.701
2026-03-27T16:52:49.752816,bakery,katris,kazios,2.002,19.637
2026-03-27T16:52:49.860982,bakery,kazios,katris,2.011,0.690
2026-03-27T16:52:52.753178,bakery,katris,kazios,2.000,19.339
2026-03-27T16:52:52.862326,bakery,kazios,katris,2.000,0.680
2026-03-27T16:52:55.751440,bakery,katris,kazios,2.004,19.053
2026-03-27T16:52:55.862583,bakery,kazios,katris,2.000,0.670
2026-03-27T16:52:58.752558,bakery,katris,kazios,2.000,18.781
2026-03-27T16:52:58.861724,bakery,kazios,katris,3.009,0.676
2026-03-27T16:53:01.753851,bakery,katris,kazios,1.999,18.519
2026-03-27T16:53:01.861012,bakery,kazios,katris,2.011,0.666
2026-03-27T16:53:04.754004,bakery,katris,kazios,2.001,18.268
2026-03-27T16:53:04.862159,bakery,kazios,katris,2.006,0.658
2026-03-27T16:53:07.752625,bakery,katris,kazios,3.005,18.023
2026-03-27T16:53:07.860904,bakery,kazios,katris,2.011,0.649
2026-03-27T16:53:10.753475,bakery,katris,kazios,2.001,17.792
2026-03-27T16:53:10.861702,bakery,kazios,katris,2.006,0.641
2026-03-27T16:53:13.752656,bakery,katris,kazios,2.002,17.569
2026-03-27T16:53:13.862163,bakery,kazios,katris,2.007,0.634
2026-03-27T16:53:55.496215,rrr,user1,user2,2.005,0.000
2026-03-27T16:53:58.038777,rrr,user2,user1,2.005,0.000
2026-03-27T16:53:58.347000,rrr,user1,user2,2.999,0.000
2026-03-27T16:54:01.017622,rrr,user2,user1,2.000,0.000
2026-03-27T16:54:01.346417,rrr,user1,user2,1.997,0.576
2026-03-27T16:54:04.016979,rrr,user2,user1,0.999,0.579
2026-03-27T16:54:04.346633,rrr,user1,user2,2.000,0.499
2026-03-27T16:54:07.017100,rrr,user2,user1,1.999,0.501
2026-03-27T16:54:07.346743,rrr,user1,user2,2.000,0.446
2026-03-27T16:54:10.018791,rrr,user2,user1,1.503,0.448
2026-03-27T16:54:10.346205,rrr,user1,user2,2.001,0.407
2026-03-27T16:54:13.016998,rrr,user2,user1,1.001,0.492
2026-03-27T16:54:13.346752,rrr,user1,user2,1.998,0.377
2026-03-27T16:54:16.017144,rrr,user2,user1,1.001,0.501
2026-03-27T16:54:16.346769,rrr,user1,user2,1.997,0.353
2026-03-27T16:54:19.016676,rrr,user2,user1,1.001,0.496
2026-03-27T16:54:19.346047,rrr,user1,user2,2.001,0.333
2026-03-27T16:54:22.017654,rrr,user2,user1,2.000,0.500
2026-03-27T16:54:22.346273,rrr,user1,user2,2.000,0.316
2026-03-27T16:54:25.017757,rrr,user2,user1,2.001,0.497
2026-03-27T16:54:25.346532,rrr,user1,user2,1.999,0.301
2026-03-27T16:54:28.018825,rrr,user2,user1,2.506,0.553
2026-03-27T16:54:28.347108,rrr,user1,user2,1.999,0.288
2026-03-27T16:54:31.019464,rrr,user2,user1,3.002,0.658
2026-03-27T16:54:31.347402,rrr,user1,user2,2.505,0.300
2026-03-27T16:54:34.018364,rrr,user2,user1,3.002,0.719
2026-03-27T16:54:34.350916,rrr,user1,user2,2.999,0.373
2026-03-27T16:54:37.018242,rrr,user2,user1,2.000,0.692
2026-03-27T16:54:37.354850,rrr,user1,user2,3.528,0.500
2026-03-27T16:54:40.021181,rrr,user2,user1,2.001,0.668
2026-03-27T16:54:40.347783,rrr,user1,user2,1.998,0.488
2026-03-27T16:54:43.017178,rrr,user2,user1,1.999,0.646
2026-03-27T16:54:43.345941,rrr,user1,user2,2.005,0.476
2026-03-27T16:54:46.017863,rrr,user2,user1,2.002,0.626
2026-03-27T16:54:46.346303,rrr,user1,user2,1.006,0.546
2026-03-27T16:54:49.018424,rrr,user2,user1,2.000,0.608
2026-03-27T16:54:49.345176,rrr,user1,user2,2.015,0.531
2026-03-27T16:54:52.017339,rrr,user2,user1,2.001,0.592
2026-03-27T16:54:52.345557,rrr,user1,user2,2.007,0.518
2026-03-27T16:54:55.030169,rrr,user2,user1,4.000,0.744
2026-03-27T16:54:55.348229,rrr,user1,user2,1.999,0.506
2026-03-27T16:54:58.017529,rrr,user2,user1,2.000,0.725
2026-03-27T16:54:58.347001,rrr,user1,user2,1.998,0.495
2026-03-27T16:55:01.018447,rrr,user2,user1,1.002,0.739
2026-03-27T16:55:01.346932,rrr,user1,user2,2.001,0.485
2026-03-27T16:55:04.018394,rrr,user2,user1,1.999,0.722
2026-03-27T16:55:04.346915,rrr,user1,user2,2.005,0.475
2026-03-27T16:55:07.017549,rrr,user2,user1,1.000,0.732
2026-03-27T16:55:07.346221,rrr,user1,user2,3.016,0.498
2026-03-27T16:55:10.018310,rrr,user2,user1,3.000,0.749
2026-03-27T16:55:10.347388,rrr,user1,user2,2.000,0.488
2026-03-27T16:55:13.017739,rrr,user2,user1,1.999,0.734
2026-03-27T16:55:13.346063,rrr,user1,user2,3.011,0.506
2026-03-28T12:11:10.538115,dw,user1,user2,2.000,0.000
2026-03-28T12:11:13.514966,dw,user2,user1,363.096,0.000
2026-03-28T12:11:13.538967,dw,user1,user2,7.001,0.000
2026-03-28T12:11:15.939456,dw,user2,user1,2.000,0.000
2026-03-28T12:11:16.516720,dw,user1,user2,2.002,2.887
2026-03-28T12:11:18.966876,dw,user2,user1,1.999,208.479
2026-03-28T12:11:19.520157,dw,user1,user2,3.001,2.381
2026-03-28T12:11:21.955574,dw,user2,user1,2.006,180.547
2026-03-28T12:11:22.517701,dw,user1,user2,2.001,2.168
2026-03-28T12:11:24.955465,dw,user2,user1,2.012,161.485
2026-03-28T12:11:25.517784,dw,user1,user2,2.000,2.000
2026-03-28T12:11:27.966013,dw,user2,user1,3.017,147.333
2026-03-28T12:11:28.534003,dw,user1,user2,5.519,2.059
2026-03-28T12:11:30.957567,dw,user2,user1,2.005,136.417
2026-03-28T12:11:31.518602,dw,user1,user2,1.999,1.966
2026-03-28T12:11:33.956888,dw,user2,user1,2.006,127.614
2026-03-28T12:11:34.518628,dw,user1,user2,2.000,1.881
2026-03-28T12:11:36.958605,dw,user2,user1,2.999,120.281
2026-03-28T12:11:37.519163,dw,user1,user2,1.999,1.805
2026-03-28T12:11:39.957577,dw,user2,user1,2.005,114.117
2026-03-28T12:11:40.518852,dw,user1,user2,1.999,1.736
2026-03-28T12:11:42.970842,dw,user2,user1,4.000,108.755
2026-03-28T12:11:43.582929,dw,user1,user2,52.639,14.463
2026-03-28T12:11:45.957058,dw,user2,user1,2.008,104.135
2026-03-28T12:11:46.519672,dw,user1,user2,1.997,13.917
2026-03-28T12:11:48.956498,dw,user2,user1,2.005,100.058
2026-03-28T12:11:49.519105,dw,user1,user2,2.001,13.428
2026-03-28T12:11:51.956473,dw,user2,user1,3.013,96.405
2026-03-28T12:11:52.518441,dw,user1,user2,2.015,12.987
2026-03-28T12:11:54.957805,dw,user2,user1,3.007,93.125
2026-03-28T12:11:55.518493,dw,user1,user2,2.001,12.587
2026-03-28T12:11:58.009248,dw,user2,user1,42.638,90.058
2026-03-28T12:11:58.517239,dw,user1,user2,1.999,12.221
2026-03-28T12:12:00.956130,dw,user2,user1,3.009,87.400
2026-03-28T12:12:01.521568,dw,user1,user2,3.003,11.871
2026-03-28T12:12:03.958609,dw,user2,user1,4.000,84.949
2026-03-28T12:12:04.516781,dw,user1,user2,1.000,11.581
2026-03-28T12:12:06.957704,dw,user2,user1,1.996,82.722
2026-03-28T12:12:07.518810,dw,user1,user2,1.999,11.294
2026-03-28T12:12:09.956050,dw,user2,user1,2.000,80.661
2026-03-28T12:12:10.519182,dw,user1,user2,2.000,11.028
2026-03-28T12:19:07.428160,fff,user1,user2,2.000,0.000
2026-03-28T12:19:08.114479,fff,user2,user1,1.001,0.000
2026-03-28T12:19:10.416555,fff,user1,user2,2.999,0.000
2026-03-28T12:19:11.096225,fff,user2,user1,2.000,0.000
2026-03-28T12:19:13.407744,fff,user1,user2,2.002,0.576
2026-03-28T12:20:17.758312,dd,ee2,fffe2,2.003,0.000
2026-03-28T12:20:18.943752,dd,fffe2,ee2,25.000,0.000
2026-03-28T12:20:20.737293,dd,ee2,fffe2,3.002,0.000
2026-03-28T12:20:21.878194,dd,fffe2,ee2,2.001,0.000
2026-03-28T12:20:23.744383,dd,ee2,fffe2,7.001,2.645
2026-03-28T12:20:24.876318,dd,fffe2,ee2,1.004,13.576
2026-03-28T12:20:26.736685,dd,ee2,fffe2,2.001,2.380
2026-03-28T12:20:27.876594,dd,fffe2,ee2,2.001,11.675
2026-03-28T12:20:29.735839,dd,ee2,fffe2,2.001,2.168
2026-03-28T12:20:30.876736,dd,fffe2,ee2,2.001,10.406
2026-03-28T12:20:32.736038,dd,ee2,fffe2,2.002,2.000
2026-03-28T12:20:33.937462,dd,fffe2,ee2,49.518,19.912
2026-03-28T12:20:35.736080,dd,ee2,fffe2,2.002,1.864
2026-03-28T12:20:36.878049,dd,fffe2,ee2,2.000,18.697
2026-03-28T12:20:38.736505,dd,ee2,fffe2,2.000,1.752
2026-03-28T12:20:39.876459,dd,fffe2,ee2,2.000,17.663
2026-03-28T12:20:41.735864,dd,ee2,fffe2,2.002,1.658
2026-03-28T12:20:42.876934,dd,fffe2,ee2,2.000,16.774
2026-03-28T12:20:44.736576,dd,ee2,fffe2,2.000,1.578
2026-03-28T12:20:45.877944,dd,fffe2,ee2,2.000,16.002
2026-03-28T12:20:47.737770,dd,ee2,fffe2,3.001,1.501
2026-03-28T12:20:48.887558,dd,fffe2,ee2,3.001,15.287
2026-03-28T12:20:50.742545,dd,ee2,fffe2,1.000,1.508
2026-03-28T12:20:51.879256,dd,fffe2,ee2,2.006,14.692
2026-03-28T12:20:53.737799,dd,ee2,fffe2,1.507,1.469
2026-03-28T12:20:54.879137,dd,fffe2,ee2,2.013,14.160
2026-03-28T12:20:56.737049,dd,ee2,fffe2,2.000,1.416
2026-03-28T12:20:57.876905,dd,fffe2,ee2,1.925,13.684
2026-03-28T12:20:59.739243,dd,ee2,fffe2,4.525,1.472
2026-03-28T12:21:00.877331,dd,fffe2,ee2,1.505,13.263
2026-03-28T12:21:02.736983,dd,ee2,fffe2,2.505,1.422
2026-03-28T12:21:03.959067,dd,fffe2,ee2,75.709,21.497
2026-03-28T12:21:05.738576,dd,ee2,fffe2,3.515,1.397
2026-03-28T12:21:06.878096,dd,fffe2,ee2,1.009,20.954
2026-03-28T12:21:08.737379,dd,ee2,fffe2,1.505,1.379
2026-03-28T12:21:09.878466,dd,fffe2,ee2,2.006,20.425
2026-03-28T12:21:11.737659,dd,ee2,fffe2,2.514,1.340
2026-03-28T12:21:12.877215,dd,fffe2,ee2,1.504,19.943
2026-03-28T12:21:14.738598,dd,ee2,fffe2,3.515,1.323
2026-03-28T12:21:15.878813,dd,fffe2,ee2,2.014,19.483
2026-03-28T12:21:17.736638,dd,ee2,fffe2,2.000,1.296
2026-03-28T12:21:19.014819,dd,fffe2,ee2,129.868,32.481
2026-03-28T12:21:20.738272,dd,ee2,fffe2,3.512,1.281
2026-03-28T12:21:21.876490,dd,fffe2,ee2,1.504,31.826
2026-03-28T12:21:23.737452,dd,ee2,fffe2,2.512,1.252
2026-03-28T12:21:24.878087,dd,fffe2,ee2,1.509,31.207
2026-03-28T12:21:26.737483,dd,ee2,fffe2,2.512,1.224
2026-03-28T12:21:27.877933,dd,fffe2,ee2,1.512,30.622
2026-03-28T12:21:29.736471,dd,ee2,fffe2,1.000,1.240
2026-03-28T12:21:30.875809,dd,fffe2,ee2,1.000,30.077
2026-03-28T12:21:32.736674,dd,ee2,fffe2,2.000,1.219
2026-03-28T12:21:34.020521,dd,fffe2,ee2,134.527,37.937
2026-03-28T12:21:35.736569,dd,ee2,fffe2,1.000,1.230
2026-03-28T12:21:36.877510,dd,fffe2,ee2,2.000,37.318
2026-03-28T12:21:38.736557,dd,ee2,fffe2,2.001,1.210
2026-03-28T12:21:39.877453,dd,fffe2,ee2,2.000,36.727
2026-03-28T12:21:41.736693,dd,ee2,fffe2,2.000,1.191
2026-03-28T12:21:42.877582,dd,fffe2,ee2,1.996,36.163
2026-03-28T12:21:44.736006,dd,ee2,fffe2,2.000,1.173
2026-03-28T12:21:45.878031,dd,fffe2,ee2,1.002,35.637
2026-03-28T12:21:47.736068,dd,ee2,fffe2,2.000,1.155
2026-03-28T12:21:48.896451,dd,fffe2,ee2,9.527,35.053
2026-03-28T12:21:50.736042,dd,ee2,fffe2,2.000,1.139
2026-03-28T12:21:51.878065,dd,fffe2,ee2,1.001,34.573
2026-03-28T12:21:53.736056,dd,ee2,fffe2,2.003,1.123
2026-03-28T12:21:54.878033,dd,fffe2,ee2,2.000,34.100
2026-03-28T12:21:56.735927,dd,ee2,fffe2,1.002,1.130
2026-03-28T12:21:57.879068,dd,fffe2,ee2,1.999,33.646
2026-03-28T12:21:59.736381,dd,ee2,fffe2,2.000,1.115
2026-03-28T12:22:00.878209,dd,fffe2,ee2,2.007,33.208
2026-03-28T12:22:02.736516,dd,ee2,fffe2,2.001,1.100
2026-03-28T12:22:03.974391,dd,fffe2,ee2,86.517,34.915
2026-03-28T12:22:05.736807,dd,ee2,fffe2,2.000,1.086
2026-03-28T12:22:06.876724,dd,fffe2,ee2,2.000,34.499
2026-03-28T12:22:08.736693,dd,ee2,fffe2,2.002,1.072
2026-03-28T12:22:09.876640,dd,fffe2,ee2,2.002,34.097
2026-03-28T12:22:11.736303,dd,ee2,fffe2,2.003,1.059
2026-03-28T12:22:12.879226,dd,fffe2,ee2,2.001,33.709
2026-03-28T12:22:14.736739,dd,ee2,fffe2,2.001,1.046
2026-03-28T12:22:15.878050,dd,fffe2,ee2,1.000,33.343
2026-03-28T12:22:17.737660,dd,ee2,fffe2,1.997,1.034
2026-03-28T12:22:18.911989,dd,fffe2,ee2,25.527,32.971
2026-03-28T12:22:20.736556,dd,ee2,fffe2,2.001,1.022
2026-03-28T12:22:21.876353,dd,fffe2,ee2,2.003,32.623
2026-04-01T12:09:51.856243,hahaha,USER1,USER2,1.004,0.000
2026-04-01T12:09:53.342211,hahaha,USER2,USER1,2.006,0.000
2026-04-01T12:09:54.836198,hahaha,USER1,USER2,1.508,0.000
2026-04-01T12:09:56.319538,hahaha,USER2,USER1,2.006,0.000
2026-04-01T12:09:57.836337,hahaha,USER1,USER2,1.000,0.292
2026-04-01T12:09:59.327422,hahaha,USER2,USER1,2.999,0.573
2026-04-01T12:10:00.837457,hahaha,USER1,USER2,2.509,0.710
2026-04-01T12:10:02.382458,hahaha,USER2,USER1,51.231,24.452
2026-04-01T12:10:03.843471,hahaha,USER1,USER2,3.003,0.909
2026-04-01T12:10:05.320900,hahaha,USER2,USER1,2.002,21.908
2026-04-01T12:10:06.837568,hahaha,USER1,USER2,1.506,0.822
2026-04-01T12:10:08.321890,hahaha,USER2,USER1,3.000,19.940
2026-04-01T12:10:09.836225,hahaha,USER1,USER2,2.505,0.802
2026-04-01T12:10:11.320357,hahaha,USER2,USER1,2.000,18.487
2026-04-01T12:10:12.835150,hahaha,USER1,USER2,1.002,0.803
2026-04-01T12:10:14.354539,hahaha,USER2,USER1,27.072,18.230
2026-04-01T12:10:15.838609,hahaha,USER1,USER2,2.018,0.756
2026-04-01T12:10:17.320131,hahaha,USER2,USER1,2.004,17.346
2026-04-01T12:10:18.853135,hahaha,USER1,USER2,17.063,4.884
2026-04-01T12:10:20.320066,hahaha,USER2,USER1,2.007,16.572
2026-04-01T12:10:21.835896,hahaha,USER1,USER2,2.502,4.640
2026-04-01T12:10:23.320882,hahaha,USER2,USER1,3.008,15.848
2026-04-01T12:10:24.836086,hahaha,USER1,USER2,2.506,4.429
2026-04-01T12:10:26.320730,hahaha,USER2,USER1,3.013,15.210
2026-04-01T12:10:27.835838,hahaha,USER1,USER2,2.506,4.245
2026-04-01T12:10:29.712981,hahaha,USER2,USER1,384.306,105.234
2026-04-01T12:10:30.835082,hahaha,USER1,USER2,1.997,4.089
2026-04-01T12:10:32.358652,hahaha,USER2,USER1,40.127,101.108
2026-04-01T12:10:33.836657,hahaha,USER1,USER2,2.003,3.950
2026-04-01T12:10:35.319866,hahaha,USER2,USER1,2.004,97.864
2026-04-01T12:10:36.835907,hahaha,USER1,USER2,2.507,3.817
2026-04-01T12:10:38.319619,hahaha,USER2,USER1,1.006,94.932
2026-04-01T12:10:39.834637,hahaha,USER1,USER2,0.999,3.726
2026-04-01T12:10:41.319445,hahaha,USER2,USER1,1.000,92.247
2026-04-01T12:10:42.836150,hahaha,USER1,USER2,2.505,3.616
2026-04-01T12:10:44.599829,hahaha,USER2,USER1,271.301,105.882
2026-04-01T12:10:45.837015,hahaha,USER1,USER2,1.510,3.527
2026-04-01T12:10:47.320116,hahaha,USER2,USER1,2.002,103.361
2026-04-01T12:10:48.837142,hahaha,USER1,USER2,1.999,3.437
2026-04-01T12:10:50.321076,hahaha,USER2,USER1,1.997,101.008
2026-04-01T12:10:51.836816,hahaha,USER1,USER2,3.013,3.350
2026-04-01T12:10:53.321316,hahaha,USER2,USER1,3.002,98.786
2026-04-01T12:10:54.837074,hahaha,USER1,USER2,2.001,3.273
2026-04-01T12:10:56.320225,hahaha,USER2,USER1,1.507,96.728
2026-04-01T12:10:57.836932,hahaha,USER1,USER2,2.999,3.199
2026-04-01T12:10:59.370189,hahaha,USER2,USER1,40.118,94.506
2026-04-01T12:11:00.837905,hahaha,USER1,USER2,3.004,3.129
2026-04-01T12:11:02.323969,hahaha,USER2,USER1,4.520,92.666
2026-04-01T12:11:03.836349,hahaha,USER1,USER2,1.001,3.082
2026-04-01T12:11:05.320787,hahaha,USER2,USER1,2.515,90.957
2026-04-01T12:11:06.835287,hahaha,USER1,USER2,2.001,3.023
2026-04-01T12:11:08.320141,hahaha,USER2,USER1,2.503,89.337
2026-04-01T12:11:09.836210,hahaha,USER1,USER2,2.002,2.966
2026-04-01T12:11:11.319173,hahaha,USER2,USER1,2.001,87.806
2026-04-02T12:04:42.900800,antegeia,user1,user2,2.008,0.000
2026-04-02T12:04:45.182836,antegeia,user2,user1,3.001,0.000
2026-04-02T12:04:45.867500,antegeia,user1,user2,1.999,0.000
2026-04-02T12:04:48.197773,antegeia,user2,user1,3.010,0.000
2026-04-02T12:04:49.210016,antegeia,user1,user2,330.581,189.704
2026-04-02T12:04:51.182428,antegeia,user2,user1,2.003,0.579
2026-04-02T12:04:51.885032,antegeia,user1,user2,3.001,164.123
2026-04-02T12:04:54.180221,antegeia,user2,user1,1.001,0.960
2026-04-02T12:04:54.867311,antegeia,user1,user2,1.000,146.947
2026-04-02T12:04:57.179971,antegeia,user2,user1,1.002,1.002
2026-04-02T12:04:57.867879,antegeia,user1,user2,1.001,134.226
2026-04-02T12:05:00.180484,antegeia,user2,user1,2.000,0.896
2026-04-02T12:05:00.869200,antegeia,user1,user2,0.999,124.320
2026-04-02T12:05:03.196107,antegeia,user2,user1,4.003,1.114
2026-04-02T12:05:04.433943,antegeia,user1,user2,555.147,212.871
2026-04-02T12:05:06.180866,antegeia,user2,user1,3.000,1.062
2026-04-02T12:05:06.868552,antegeia,user1,user2,2.002,202.469
2026-04-02T12:05:09.179995,antegeia,user2,user1,2.000,1.001
2026-04-02T12:05:09.867636,antegeia,user1,user2,2.000,193.376
2026-04-02T12:05:12.179959,antegeia,user2,user1,2.002,0.950
2026-04-02T12:05:12.868781,antegeia,user1,user2,2.000,185.360
2026-04-02T12:05:15.179168,antegeia,user2,user1,1.000,0.983
2026-04-02T12:05:15.867948,antegeia,user1,user2,2.001,178.235
2026-04-02T12:05:18.195273,antegeia,user2,user1,2.999,0.966
2026-04-02T12:05:18.893948,antegeia,user1,user2,15.003,171.465
2026-04-02T12:05:21.184821,antegeia,user2,user1,3.010,0.949
2026-04-02T12:05:21.869474,antegeia,user1,user2,2.999,165.728
2026-04-02T12:05:24.182399,antegeia,user2,user1,2.000,0.915
2026-04-02T12:05:24.869027,antegeia,user1,user2,2.998,160.522
2026-04-02T12:05:27.181396,antegeia,user2,user1,2.000,0.885
2026-04-02T12:05:27.874005,antegeia,user1,user2,5.000,155.724
2026-04-02T12:05:30.182064,antegeia,user2,user1,2.001,0.858
2026-04-02T12:05:30.870021,antegeia,user1,user2,2.014,151.392
2026-04-02T12:05:33.196391,antegeia,user2,user1,1.999,0.833
2026-04-02T12:05:34.040976,antegeia,user1,user2,161.934,149.026
2026-04-02T12:05:36.179999,antegeia,user2,user1,2.006,0.810
2026-04-02T12:05:36.870076,antegeia,user1,user2,2.007,145.453
2026-04-02T12:05:39.180215,antegeia,user2,user1,2.007,0.788
2026-04-02T12:05:39.867495,antegeia,user1,user2,2.513,142.110
2026-04-02T12:05:42.181924,antegeia,user2,user1,3.001,0.787
2026-04-02T12:05:42.868168,antegeia,user1,user2,2.006,138.992
2026-04-03T17:07:48.171348,aaa,user1,USER2,2.963,0.000
2026-04-03T17:07:48.935483,aaa,USER2,user1,3.966,0.000
2026-04-03T17:07:51.170748,aaa,user1,USER2,3.025,0.000
2026-04-03T17:07:51.934347,aaa,USER2,user1,3.002,0.000
2026-04-03T17:07:54.168256,aaa,user1,USER2,3.001,0.031
2026-04-03T17:07:54.935266,aaa,USER2,user1,3.998,0.566
2026-04-03T17:07:57.168050,aaa,user1,USER2,2.997,0.026
2026-04-03T17:07:57.938680,aaa,USER2,user1,3.999,0.493
2026-04-03T17:08:00.167243,aaa,user1,USER2,3.002,0.022
2026-04-03T17:08:00.933797,aaa,USER2,user1,2.958,0.552
2026-04-03T17:08:03.179859,aaa,user1,USER2,6.001,1.226
2026-04-03T17:08:03.934520,aaa,USER2,user1,3.508,0.495
2026-04-03T17:08:06.172526,aaa,user1,USER2,3.998,1.135
2026-04-03T17:08:06.940339,aaa,USER2,user1,2.003,0.746
2026-04-03T17:08:09.170408,aaa,user1,USER2,5.006,1.167
2026-04-03T17:08:09.936265,aaa,USER2,user1,5.048,0.915
2026-04-03T17:08:12.169472,aaa,user1,USER2,4.999,1.169
2026-04-03T17:08:12.936853,aaa,USER2,user1,4.478,0.909
2026-04-03T17:08:15.168508,aaa,user1,USER2,3.963,1.102
2026-04-03T17:08:15.933484,aaa,USER2,user1,2.967,0.885
2026-04-03T17:08:18.167042,aaa,user1,USER2,2.996,1.080
2026-04-03T17:08:18.934241,aaa,USER2,user1,3.291,0.845
2026-04-03T17:08:21.169634,aaa,user1,USER2,4.001,1.031
2026-04-03T17:08:21.935130,aaa,USER2,user1,3.519,0.805
2026-04-03T17:08:24.168248,aaa,user1,USER2,2.957,1.017
2026-04-03T17:08:24.934258,aaa,USER2,user1,3.473,0.771
2026-04-03T17:08:27.167557,aaa,user1,USER2,2.961,1.000
2026-04-03T17:08:27.932739,aaa,USER2,user1,1.999,0.850
2026-04-03T17:08:30.168230,aaa,user1,USER2,4.147,0.970
2026-04-03T17:08:30.934000,aaa,USER2,user1,4.000,0.831
2026-04-03T17:08:33.175109,aaa,user1,USER2,9.003,1.617
2026-04-03T17:08:33.936177,aaa,USER2,user1,3.038,0.811
2026-04-03T17:08:36.168932,aaa,user1,USER2,3.999,1.565
2026-04-03T17:08:36.935435,aaa,USER2,user1,4.965,0.866
2026-04-03T17:08:39.169199,aaa,user1,USER2,4.963,1.534
2026-04-03T17:08:39.937370,aaa,USER2,user1,3.996,0.847
2026-04-03T17:08:42.171211,aaa,user1,USER2,5.099,1.508
2026-04-03T17:08:42.938893,aaa,USER2,user1,5.998,0.995
2026-04-03T17:08:45.168501,aaa,user1,USER2,3.957,1.468
2026-04-03T17:08:45.931821,aaa,USER2,user1,1.964,1.043
2026-04-27T14:11:37.489588,fff,Gabriel,haha,1.998,0.000
2026-04-27T14:11:38.315593,fff,haha,Gabriel,2.002,0.000
